Workbook

Sheet Labels
A1: =Overview_Report!B6 & Overview_Report!$C$2 -> DC In to Stock -Actual | B1: =Overview_Report!B6 & " - wk"&RIGHT(Overview_Report!$I$5,2)&" FC" -> DC In to Stock - wk37 FC
A2: =Overview_Report!B7 & Overview_Report!$C$2 -> Total DC In to Stock (Queue Corrected) -Actual | B2: =Overview_Report!B7 & " - wk"&RIGHT(Overview_Report!$I$5,2)&" FC" -> Total DC In to Stock (Queue Corrected) - wk37 FC
A3: =Overview_Report!B8 & Overview_Report!$C$2 -> DC In to Stock from other BU -Actual | B3: =Overview_Report!B8 & " - wk"&RIGHT(Overview_Report!$I$5,2)&" FC" -> DC In to Stock from other BU - wk37 FC
A4: =Overview_Report!B9 & Overview_Report!$C$2 -> DC Replenishment and Other Inflow -Actual | B4: =Overview_Report!B9 & " - wk"&RIGHT(Overview_Report!$I$5,2)&" FC" -> DC Replenishment and Other Inflow - wk37 FC
A5: =Overview_Report!B10 & Overview_Report!$C$2 -> Total Transit IN -Actual | B5: =Overview_Report!B10 & " - wk"&RIGHT(Overview_Report!$I$5,2)&" FC" -> Total Transit IN - wk37 FC
A6: =Overview_Report!B11 & Overview_Report!$C$2 -> Total Inflow -Actual | B6: =Overview_Report!B11 & " - wk"&RIGHT(Overview_Report!$I$5,2)&" FC" -> Total Inflow - wk37 FC
A7: =Overview_Report!B12 & Overview_Report!$C$2 -> Total Inflow (Queue Corrected) -Actual | B7: =Overview_Report!B12 & " - wk"&RIGHT(Overview_Report!$I$5,2)&" FC" -> Total Inflow (Queue Corrected) - wk37 FC
A8: =Overview_Report!B13 & Overview_Report!$C$2 -> Land Volume (DC Stock) -Actual | B8: =Overview_Report!B13 & " - wk"&RIGHT(Overview_Report!$I$5,2)&" FC" -> Land Volume (DC Stock) - wk37 FC
A9: =Overview_Report!B14 & Overview_Report!$C$2 -> Land Volume (Transit) -Actual | B9: =Overview_Report!B14 & " - wk"&RIGHT(Overview_Report!$I$5,2)&" FC" -> Land Volume (Transit) - wk37 FC
A10: =Overview_Report!B15 & Overview_Report!$C$2 -> Ocean Volume (DC Stock) -Actual | B10: =Overview_Report!B15 & " - wk"&RIGHT(Overview_Report!$I$5,2)&" FC" -> Ocean Volume (DC Stock) - wk37 FC
A11: =Overview_Report!B16 & Overview_Report!$C$2 -> Ocean Volume (Transit) -Actual | B11: =Overview_Report!B16 & " - wk"&RIGHT(Overview_Report!$I$5,2)&" FC" -> Ocean Volume (Transit) - wk37 FC
A12: =Overview_Report!B17 & Overview_Report!$C$2 -> - -Actual | B12: =Overview_Report!B17 & " - wk"&RIGHT(Overview_Report!$I$5,2)&" FC" -> - - wk37 FC
... A38: =Overview_Report!B43 & Overview_Report!$C$2 -> Container m3 in Queue -Actual | B38: =Overview_Report!B43 & " - wk"&RIGHT(Overview_Report!$I$5,2)&" FC" -> Container m3 in Queue - wk37 FC
A39: =Overview_Report!B45 & Overview_Report!$C$2 -> Stock incl. Queue -Actual | B39: =Overview_Report!B45 & " - wk"&RIGHT(Overview_Report!$I$5,2)&" FC" -> Stock incl. Queue - wk37 FC
A40: =Overview_Report!B46 & Overview_Report!$C$2 -> Main Building Stock -Actual | B40: =Overview_Report!B46 & " - wk"&RIGHT(Overview_Report!$I$5,2)&" FC" -> Main Building Stock - wk37 FC
A41: =Overview_Report!B47 & Overview_Report!$C$2 -> Main Building Capacity m3 -Actual | B41: =Overview_Report!B47 & " - wk"&RIGHT(Overview_Report!$I$5,2)&" FC" -> Main Building Capacity m3 - wk37 FC
A42: =Overview_Report!B48 & Overview_Report!$C$2 -> Main Building Storage Utilization -Actual | B42: =Overview_Report!B48 & " - wk"&RIGHT(Overview_Report!$I$5,2)&" FC" -> Main Building Storage Utilization - wk37 FC
A43: =Overview_Report!B49 & Overview_Report!$C$2 -> External Stock -Actual | B43: =Overview_Report!B49 & " - wk"&RIGHT(Overview_Report!$I$5,2)&" FC" -> External Stock - wk37 FC
A44: =Overview_Report!B50 & Overview_Report!$C$2 -> External Capacity m3 -Actual | B44: =Overview_Report!B50 & " - wk"&RIGHT(Overview_Report!$I$5,2)&" FC" -> External Capacity m3 - wk37 FC

Sheet Overview_Report
N1: Hand. Cap. Ut. | P1: =AVERAGE(Sheet1!A3:A28) -> 0.6879673
C2: -Actual | N2: Stock S&E | O2: =_xlfn.XLOOKUP("Total Storage Utilization",$B:$B,I:I) -> 0.55780816 | P2: =_xlfn.XLOOKUP("Total Storage Utilization",$B:$B,AH:AH) -> 0.4889366
C3: Actuals | I3: Forecast
B5: DC_Overview_Measures | C5: ='Paste Here'!B1 -> 202631 | D5: ='Paste Here'!C1 -> 202632 | E5: ='Paste Here'!D1 -> 202633 | F5: ='Paste Here'!E1 -> 202634 | G5: ='Paste Here'!F1 -> 202635 | H5: ='Paste Here'!G1 -> 202636 | I5: ='Paste Here'!H1 -> 202637 | J5: ='Paste Here'!I1 -> 202638 | ... AH5: ='Paste Here'!AG1 -> 202709
B6: DC In to Stock | C6: =IFERROR(_xlfn.XLOOKUP($B6,'Paste Here'!$A:$A,'Paste Here'!B:B),0) -> 12448.036 | D6: =IFERROR(_xlfn.XLOOKUP($B6,'Paste Here'!$A:$A,'Paste Here'!C:C),0) -> 11717.21 | E6: =IFERROR(_xlfn.XLOOKUP($B6,'Paste Here'!$A:$A,'Paste Here'!D:D),0) -> 10275.364 | F6: =IFERROR(_xlfn.XLOOKUP($B6,'Paste Here'!$A:$A,'Paste Here'!E:E),0) -> 10026.023 | G6: =IFERROR(_xlfn.XLOOKUP($B6,'Paste Here'!$A:$A,'Paste Here'!F:F),0) -> 10575.209 | H6: =IFERROR(_xlfn.XLOOKUP($B6,'Paste Here'!$A:$A,'Paste Here'!G:G),0) -> 10369.806 | I6: =IFERROR(_xlfn.XLOOKUP($B6,'Paste Here'!$A:$A,'Paste Here'!H:H),0) -> 14672.4 | J6: =IFERROR(_xlfn.XLOOKUP($B6,'Paste Here'!$A:$A,'Paste Here'!I:I),0) -> 15349.058 | K6: =IFERROR(_xlfn.XLOOKUP($B6,'Paste Here'!$A:$A,'Paste Here'!J:J),0) -> 14353.114 | L6: =IFERROR(_xlfn.XLOOKUP($B6,'Paste Here'!$A:$A,'Paste Here'!K:K),0) -> 14978.464 | M6: =IFERROR(_xlfn.XLOOKUP($B6,'Paste Here'!$A:$A,'Paste Here'!L:L),0) -> 15395.957 | N6: =IFERROR(_xlfn.XLOOKUP($B6,'Paste Here'!$A:$A,'Paste Here'!M:M),0) -> 15299.085 | O6: =IFERROR(_xlfn.XLOOKUP($B6,'Paste Here'!$A:$A,'Paste Here'!N:N),0) -> 13189.965 | P6: =IFERROR(_xlfn.XLOOKUP($B6,'Paste Here'!$A:$A,'Paste Here'!O:O),0) -> 13246.09 | Q6: =IFERROR(_xlfn.XLOOKUP($B6,'Paste Here'!$A:$A,'Paste Here'!P:P),0) -> 11270.433 | R6: =IFERROR(_xlfn.XLOOKUP($B6,'Paste Here'!$A:$A,'Paste Here'!Q:Q),0) -> 13347.993 | S6: =IFERROR(_xlfn.XLOOKUP($B6,'Paste Here'!$A:$A,'Paste Here'!R:R),0) -> 9557.7072 | T6: =IFERROR(_xlfn.XLOOKUP($B6,'Paste Here'!$A:$A,'Paste Here'!S:S),0) -> 9005.6085 | U6: =IFERROR(_xlfn.XLOOKUP($B6,'Paste Here'!$A:$A,'Paste Here'!T:T),0) -> 10459.95 | V6: =IFERROR(_xlfn.XLOOKUP($B6,'Paste Here'!$A:$A,'Paste Here'!U:U),0) -> 12415.626 | W6: =IFERROR(_xlfn.XLOOKUP($B6,'Paste Here'!$A:$A,'Paste Here'!V:V),0) -> 12021.141 | X6: =IFERROR(_xlfn.XLOOKUP($B6,'Paste Here'!$A:$A,'Paste Here'!W:W),0) -> 12413.763 | Y6: =IFERROR(_xlfn.XLOOKUP($B6,'Paste Here'!$A:$A,'Paste Here'!X:X),0) -> 12822.596 | Z6: =IFERROR(_xlfn.XLOOKUP($B6,'Paste Here'!$A:$A,'Paste Here'!Y:Y),0) -> 13275.148 | AA6: =IFERROR(_xlfn.XLOOKUP($B6,'Paste Here'!$A:$A,'Paste Here'!Z:Z),0) -> 11291.124 | AB6: =IFERROR(_xlfn.XLOOKUP($B6,'Paste Here'!$A:$A,'Paste Here'!AA:AA),0) -> 10589.557 | AC6: =IFERROR(_xlfn.XLOOKUP($B6,'Paste Here'!$A:$A,'Paste Here'!AB:AB),0) -> 11731.237 | AD6: =IFERROR(_xlfn.XLOOKUP($B6,'Paste Here'!$A:$A,'Paste Here'!AC:AC),0) -> 14005.41 | AE6: =IFERROR(_xlfn.XLOOKUP($B6,'Paste Here'!$A:$A,'Paste Here'!AD:AD),0) -> 13519.747 | AF6: =IFERROR(_xlfn.XLOOKUP($B6,'Paste Here'!$A:$A,'Paste Here'!AE:AE),0) -> 12613.553 | AG6: =IFERROR(_xlfn.XLOOKUP($B6,'Paste Here'!$A:$A,'Paste Here'!AF:AF),0) -> 13414.414 | AH6: =IFERROR(_xlfn.XLOOKUP($B6,'Paste Here'!$A:$A,'Paste Here'!AG:AG),0) -> 12304.597
A7: SUP to DC excl. Transit (queue corr) | B7: Total DC In to Stock (Queue Corrected) | C7: =IFERROR(_xlfn.XLOOKUP($B7,'Paste Here'!$A:$A,'Paste Here'!B:B),0) -> 17464.036 | D7: =IFERROR(_xlfn.XLOOKUP($B7,'Paste Here'!$A:$A,'Paste Here'!C:C),0) -> 9095.21 | E7: =IFERROR(_xlfn.XLOOKUP($B7,'Paste Here'!$A:$A,'Paste Here'!D:D),0) -> 10503.364 | F7: =IFERROR(_xlfn.XLOOKUP($B7,'Paste Here'!$A:$A,'Paste Here'!E:E),0) -> 17607.023 | G7: =IFERROR(_xlfn.XLOOKUP($B7,'Paste Here'!$A:$A,'Paste Here'!F:F),0) -> 14166.209 | H7: =IFERROR(_xlfn.XLOOKUP($B7,'Paste Here'!$A:$A,'Paste Here'!G:G),0) -> 11395.806 | I7: =IFERROR(_xlfn.XLOOKUP($B7,'Paste Here'!$A:$A,'Paste Here'!H:H),0) -> 10691.36 | J7: =IFERROR(_xlfn.XLOOKUP($B7,'Paste Here'!$A:$A,'Paste Here'!I:I),0) -> 12591.412 | K7: =IFERROR(_xlfn.XLOOKUP($B7,'Paste Here'!$A:$A,'Paste Here'!J:J),0) -> 9816.4227 | L7: =IFERROR(_xlfn.XLOOKUP($B7,'Paste Here'!$A:$A,'Paste Here'!K:K),0) -> 11558.831 | M7: =IFERROR(_xlfn.XLOOKUP($B7,'Paste Here'!$A:$A,'Paste Here'!L:L),0) -> 12722.087 | N7: =IFERROR(_xlfn.XLOOKUP($B7,'Paste Here'!$A:$A,'Paste Here'!M:M),0) -> 12452.173 | O7: =IFERROR(_xlfn.XLOOKUP($B7,'Paste Here'!$A:$A,'Paste Here'!N:N),0) -> 10719.757 | P7: =IFERROR(_xlfn.XLOOKUP($B7,'Paste Here'!$A:$A,'Paste Here'!O:O),0) -> 13246.09 | Q7: =IFERROR(_xlfn.XLOOKUP($B7,'Paste Here'!$A:$A,'Paste Here'!P:P),0) -> 11270.433 | R7: =IFERROR(_xlfn.XLOOKUP($B7,'Paste Here'!$A:$A,'Paste Here'!Q:Q),0) -> 13347.993 | S7: =IFERROR(_xlfn.XLOOKUP($B7,'Paste Here'!$A:$A,'Paste Here'!R:R),0) -> 9557.7072 | T7: =IFERROR(_xlfn.XLOOKUP($B7,'Paste Here'!$A:$A,'Paste Here'!S:S),0) -> 9005.6085 | U7: =IFERROR(_xlfn.XLOOKUP($B7,'Paste Here'!$A:$A,'Paste Here'!T:T),0) -> 10459.95 | V7: =IFERROR(_xlfn.XLOOKUP($B7,'Paste Here'!$A:$A,'Paste Here'!U:U),0) -> 12415.626 | W7: =IFERROR(_xlfn.XLOOKUP($B7,'Paste Here'!$A:$A,'Paste Here'!V:V),0) -> 12021.141 | X7: =IFERROR(_xlfn.XLOOKUP($B7,'Paste Here'!$A:$A,'Paste Here'!W:W),0) -> 12413.763 | Y7: =IFERROR(_xlfn.XLOOKUP($B7,'Paste Here'!$A:$A,'Paste Here'!X:X),0) -> 12822.596 | Z7: =IFERROR(_xlfn.XLOOKUP($B7,'Paste Here'!$A:$A,'Paste Here'!Y:Y),0) -> 13275.148 | AA7: =IFERROR(_xlfn.XLOOKUP($B7,'Paste Here'!$A:$A,'Paste Here'!Z:Z),0) -> 11291.124 | AB7: =IFERROR(_xlfn.XLOOKUP($B7,'Paste Here'!$A:$A,'Paste Here'!AA:AA),0) -> 10589.557 | AC7: =IFERROR(_xlfn.XLOOKUP($B7,'Paste Here'!$A:$A,'Paste Here'!AB:AB),0) -> 11731.237 | AD7: =IFERROR(_xlfn.XLOOKUP($B7,'Paste Here'!$A:$A,'Paste Here'!AC:AC),0) -> 14005.41 | AE7: =IFERROR(_xlfn.XLOOKUP($B7,'Paste Here'!$A:$A,'Paste Here'!AD:AD),0) -> 13519.747 | AF7: =IFERROR(_xlfn.XLOOKUP($B7,'Paste Here'!$A:$A,'Paste Here'!AE:AE),0) -> 12613.553 | AG7: =IFERROR(_xlfn.XLOOKUP($B7,'Paste Here'!$A:$A,'Paste Here'!AF:AF),0) -> 13414.414 | AH7: =IFERROR(_xlfn.XLOOKUP($B7,'Paste Here'!$A:$A,'Paste Here'!AG:AG),0) -> 12304.597
A8: Other Inflow (clearings) | B8: DC In to Stock from other BU | C8: =IFERROR(_xlfn.XLOOKUP($B8,'Paste Here'!$A:$A,'Paste Here'!B:B),0) -> 191.422 | D8: =IFERROR(_xlfn.XLOOKUP($B8,'Paste Here'!$A:$A,'Paste Here'!C:C),0) -> 51.861 | E8: =IFERROR(_xlfn.XLOOKUP($B8,'Paste Here'!$A:$A,'Paste Here'!D:D),0) -> 0 | F8: =IFERROR(_xlfn.XLOOKUP($B8,'Paste Here'!$A:$A,'Paste Here'!E:E),0) -> 0 | G8: =IFERROR(_xlfn.XLOOKUP($B8,'Paste Here'!$A:$A,'Paste Here'!F:F),0) -> 0 | H8: =IFERROR(_xlfn.XLOOKUP($B8,'Paste Here'!$A:$A,'Paste Here'!G:G),0) -> 0.519 | I8: =IFERROR(_xlfn.XLOOKUP($B8,'Paste Here'!$A:$A,'Paste Here'!H:H),0) -> 5.271 | J8: =IFERROR(_xlfn.XLOOKUP($B8,'Paste Here'!$A:$A,'Paste Here'!I:I),0) -> 0 | K8: =IFERROR(_xlfn.XLOOKUP($B8,'Paste Here'!$A:$A,'Paste Here'!J:J),0) -> 0 | L8: =IFERROR(_xlfn.XLOOKUP($B8,'Paste Here'!$A:$A,'Paste Here'!K:K),0) -> 0 | M8: =IFERROR(_xlfn.XLOOKUP($B8,'Paste Here'!$A:$A,'Paste Here'!L:L),0) -> 0 | N8: =IFERROR(_xlfn.XLOOKUP($B8,'Paste Here'!$A:$A,'Paste Here'!M:M),0) -> 0 | O8: =IFERROR(_xlfn.XLOOKUP($B8,'Paste Here'!$A:$A,'Paste Here'!N:N),0) -> 0 | P8: =IFERROR(_xlfn.XLOOKUP($B8,'Paste Here'!$A:$A,'Paste Here'!O:O),0) -> 0 | Q8: =IFERROR(_xlfn.XLOOKUP($B8,'Paste Here'!$A:$A,'Paste Here'!P:P),0) -> 0 | R8: =IFERROR(_xlfn.XLOOKUP($B8,'Paste Here'!$A:$A,'Paste Here'!Q:Q),0) -> 0 | S8: =IFERROR(_xlfn.XLOOKUP($B8,'Paste Here'!$A:$A,'Paste Here'!R:R),0) -> 0 | T8: =IFERROR(_xlfn.XLOOKUP($B8,'Paste Here'!$A:$A,'Paste Here'!S:S),0) -> 0 | U8: =IFERROR(_xlfn.XLOOKUP($B8,'Paste Here'!$A:$A,'Paste Here'!T:T),0) -> 0 | V8: =IFERROR(_xlfn.XLOOKUP($B8,'Paste Here'!$A:$A,'Paste Here'!U:U),0) -> 0 | W8: =IFERROR(_xlfn.XLOOKUP($B8,'Paste Here'!$A:$A,'Paste Here'!V:V),0) -> 0 | X8: =IFERROR(_xlfn.XLOOKUP($B8,'Paste Here'!$A:$A,'Paste Here'!W:W),0) -> 0 | Y8: =IFERROR(_xlfn.XLOOKUP($B8,'Paste Here'!$A:$A,'Paste Here'!X:X),0) -> 0 | Z8: =IFERROR(_xlfn.XLOOKUP($B8,'Paste Here'!$A:$A,'Paste Here'!Y:Y),0) -> 0 | AA8: =IFERROR(_xlfn.XLOOKUP($B8,'Paste Here'!$A:$A,'Paste Here'!Z:Z),0) -> 0 | AB8: =IFERROR(_xlfn.XLOOKUP($B8,'Paste Here'!$A:$A,'Paste Here'!AA:AA),0) -> 0 | AC8: =IFERROR(_xlfn.XLOOKUP($B8,'Paste Here'!$A:$A,'Paste Here'!AB:AB),0) -> 0 | AD8: =IFERROR(_xlfn.XLOOKUP($B8,'Paste Here'!$A:$A,'Paste Here'!AC:AC),0) -> 0 | AE8: =IFERROR(_xlfn.XLOOKUP($B8,'Paste Here'!$A:$A,'Paste Here'!AD:AD),0) -> 0 | AF8: =IFERROR(_xlfn.XLOOKUP($B8,'Paste Here'!$A:$A,'Paste Here'!AE:AE),0) -> 0 | AG8: =IFERROR(_xlfn.XLOOKUP($B8,'Paste Here'!$A:$A,'Paste Here'!AF:AF),0) -> 0 | AH8: =IFERROR(_xlfn.XLOOKUP($B8,'Paste Here'!$A:$A,'Paste Here'!AG:AG),0) -> 0
A9: SUP to DC excl. Transit (queue corr) | B9: DC Replenishment and Other Inflow | C9: =IFERROR(_xlfn.XLOOKUP($B9,'Paste Here'!$A:$A,'Paste Here'!B:B),0) -> 17655.458 | D9: =IFERROR(_xlfn.XLOOKUP($B9,'Paste Here'!$A:$A,'Paste Here'!C:C),0) -> 9147.071 | E9: =IFERROR(_xlfn.XLOOKUP($B9,'Paste Here'!$A:$A,'Paste Here'!D:D),0) -> 10503.364 | F9: =IFERROR(_xlfn.XLOOKUP($B9,'Paste Here'!$A:$A,'Paste Here'!E:E),0) -> 17607.023 | G9: =IFERROR(_xlfn.XLOOKUP($B9,'Paste Here'!$A:$A,'Paste Here'!F:F),0) -> 14166.209 | H9: =IFERROR(_xlfn.XLOOKUP($B9,'Paste Here'!$A:$A,'Paste Here'!G:G),0) -> 11396.325 | I9: =IFERROR(_xlfn.XLOOKUP($B9,'Paste Here'!$A:$A,'Paste Here'!H:H),0) -> 10696.631 | J9: =IFERROR(_xlfn.XLOOKUP($B9,'Paste Here'!$A:$A,'Paste Here'!I:I),0) -> 12591.412 | K9: =IFERROR(_xlfn.XLOOKUP($B9,'Paste Here'!$A:$A,'Paste Here'!J:J),0) -> 9816.4227 | L9: =IFERROR(_xlfn.XLOOKUP($B9,'Paste Here'!$A:$A,'Paste Here'!K:K),0) -> 11558.831 | M9: =IFERROR(_xlfn.XLOOKUP($B9,'Paste Here'!$A:$A,'Paste Here'!L:L),0) -> 12722.087 | N9: =IFERROR(_xlfn.XLOOKUP($B9,'Paste Here'!$A:$A,'Paste Here'!M:M),0) -> 12452.173 | O9: =IFERROR(_xlfn.XLOOKUP($B9,'Paste Here'!$A:$A,'Paste Here'!N:N),0) -> 10719.757 | P9: =IFERROR(_xlfn.XLOOKUP($B9,'Paste Here'!$A:$A,'Paste Here'!O:O),0) -> 13246.09 | Q9: =IFERROR(_xlfn.XLOOKUP($B9,'Paste Here'!$A:$A,'Paste Here'!P:P),0) -> 11270.433 | R9: =IFERROR(_xlfn.XLOOKUP($B9,'Paste Here'!$A:$A,'Paste Here'!Q:Q),0) -> 13347.993 | S9: =IFERROR(_xlfn.XLOOKUP($B9,'Paste Here'!$A:$A,'Paste Here'!R:R),0) -> 9557.7072 | T9: =IFERROR(_xlfn.XLOOKUP($B9,'Paste Here'!$A:$A,'Paste Here'!S:S),0) -> 9005.6085 | U9: =IFERROR(_xlfn.XLOOKUP($B9,'Paste Here'!$A:$A,'Paste Here'!T:T),0) -> 10459.95 | V9: =IFERROR(_xlfn.XLOOKUP($B9,'Paste Here'!$A:$A,'Paste Here'!U:U),0) -> 12415.626 | W9: =IFERROR(_xlfn.XLOOKUP($B9,'Paste Here'!$A:$A,'Paste Here'!V:V),0) -> 12021.141 | X9: =IFERROR(_xlfn.XLOOKUP($B9,'Paste Here'!$A:$A,'Paste Here'!W:W),0) -> 12413.763 | Y9: =IFERROR(_xlfn.XLOOKUP($B9,'Paste Here'!$A:$A,'Paste Here'!X:X),0) -> 12822.596 | Z9: =IFERROR(_xlfn.XLOOKUP($B9,'Paste Here'!$A:$A,'Paste Here'!Y:Y),0) -> 13275.148 | AA9: =IFERROR(_xlfn.XLOOKUP($B9,'Paste Here'!$A:$A,'Paste Here'!Z:Z),0) -> 11291.124 | AB9: =IFERROR(_xlfn.XLOOKUP($B9,'Paste Here'!$A:$A,'Paste Here'!AA:AA),0) -> 10589.557 | AC9: =IFERROR(_xlfn.XLOOKUP($B9,'Paste Here'!$A:$A,'Paste Here'!AB:AB),0) -> 11731.237 | AD9: =IFERROR(_xlfn.XLOOKUP($B9,'Paste Here'!$A:$A,'Paste Here'!AC:AC),0) -> 14005.41 | AE9: =IFERROR(_xlfn.XLOOKUP($B9,'Paste Here'!$A:$A,'Paste Here'!AD:AD),0) -> 13519.747 | AF9: =IFERROR(_xlfn.XLOOKUP($B9,'Paste Here'!$A:$A,'Paste Here'!AE:AE),0) -> 12613.553 | AG9: =IFERROR(_xlfn.XLOOKUP($B9,'Paste Here'!$A:$A,'Paste Here'!AF:AF),0) -> 13414.414 | AH9: =IFERROR(_xlfn.XLOOKUP($B9,'Paste Here'!$A:$A,'Paste Here'!AG:AG),0) -> 12304.597
A10: Transit IN | B10: Total Transit IN | C10: =IFERROR(_xlfn.XLOOKUP($B10,'Paste Here'!$A:$A,'Paste Here'!B:B),0) -> 6489.953 | D10: =IFERROR(_xlfn.XLOOKUP($B10,'Paste Here'!$A:$A,'Paste Here'!C:C),0) -> 8016.13 | E10: =IFERROR(_xlfn.XLOOKUP($B10,'Paste Here'!$A:$A,'Paste Here'!D:D),0) -> 8413.51 | F10: =IFERROR(_xlfn.XLOOKUP($B10,'Paste Here'!$A:$A,'Paste Here'!E:E),0) -> 7785.01 | G10: =IFERROR(_xlfn.XLOOKUP($B10,'Paste Here'!$A:$A,'Paste Here'!F:F),0) -> 8503.834 | H10: =IFERROR(_xlfn.XLOOKUP($B10,'Paste Here'!$A:$A,'Paste Here'!G:G),0) -> 7333.47 | I10: =IFERROR(_xlfn.XLOOKUP($B10,'Paste Here'!$A:$A,'Paste Here'!H:H),0) -> 11180.797 | J10: =IFERROR(_xlfn.XLOOKUP($B10,'Paste Here'!$A:$A,'Paste Here'!I:I),0) -> 8371.813 | K10: =IFERROR(_xlfn.XLOOKUP($B10,'Paste Here'!$A:$A,'Paste Here'!J:J),0) -> 10117.606 | L10: =IFERROR(_xlfn.XLOOKUP($B10,'Paste Here'!$A:$A,'Paste Here'!K:K),0) -> 8669.836 | M10: =IFERROR(_xlfn.XLOOKUP($B10,'Paste Here'!$A:$A,'Paste Here'!L:L),0) -> 8260.056 | N10: =IFERROR(_xlfn.XLOOKUP($B10,'Paste Here'!$A:$A,'Paste Here'!M:M),0) -> 9513.43 | O10: =IFERROR(_xlfn.XLOOKUP($B10,'Paste Here'!$A:$A,'Paste Here'!N:N),0) -> 10133.84 | P10: =IFERROR(_xlfn.XLOOKUP($B10,'Paste Here'!$A:$A,'Paste Here'!O:O),0) -> 9543.5 | Q10: =IFERROR(_xlfn.XLOOKUP($B10,'Paste Here'!$A:$A,'Paste Here'!P:P),0) -> 9795 | R10: =IFERROR(_xlfn.XLOOKUP($B10,'Paste Here'!$A:$A,'Paste Here'!Q:Q),0) -> 9766.62 | S10: =IFERROR(_xlfn.XLOOKUP($B10,'Paste Here'!$A:$A,'Paste Here'!R:R),0) -> 9361.33 | T10: =IFERROR(_xlfn.XLOOKUP($B10,'Paste Here'!$A:$A,'Paste Here'!S:S),0) -> 9499.2 | U10: =IFERROR(_xlfn.XLOOKUP($B10,'Paste Here'!$A:$A,'Paste Here'!T:T),0) -> 9012.3 | V10: =IFERROR(_xlfn.XLOOKUP($B10,'Paste Here'!$A:$A,'Paste Here'!U:U),0) -> 7789.93 | W10: =IFERROR(_xlfn.XLOOKUP($B10,'Paste Here'!$A:$A,'Paste Here'!V:V),0) -> 7887.95 | X10: =IFERROR(_xlfn.XLOOKUP($B10,'Paste Here'!$A:$A,'Paste Here'!W:W),0) -> 9269.71 | Y10: =IFERROR(_xlfn.XLOOKUP($B10,'Paste Here'!$A:$A,'Paste Here'!X:X),0) -> 9218.44 | Z10: =IFERROR(_xlfn.XLOOKUP($B10,'Paste Here'!$A:$A,'Paste Here'!Y:Y),0) -> 9113.91 | AA10: =IFERROR(_xlfn.XLOOKUP($B10,'Paste Here'!$A:$A,'Paste Here'!Z:Z),0) -> 5638.46 | AB10: =IFERROR(_xlfn.XLOOKUP($B10,'Paste Here'!$A:$A,'Paste Here'!AA:AA),0) -> 6800.35 | AC10: =IFERROR(_xlfn.XLOOKUP($B10,'Paste Here'!$A:$A,'Paste Here'!AB:AB),0) -> 8111.14 | AD10: =IFERROR(_xlfn.XLOOKUP($B10,'Paste Here'!$A:$A,'Paste Here'!AC:AC),0) -> 8464.46 | AE10: =IFERROR(_xlfn.XLOOKUP($B10,'Paste Here'!$A:$A,'Paste Here'!AD:AD),0) -> 8640.17 | AF10: =IFERROR(_xlfn.XLOOKUP($B10,'Paste Here'!$A:$A,'Paste Here'!AE:AE),0) -> 8750.52 | AG10: =IFERROR(_xlfn.XLOOKUP($B10,'Paste Here'!$A:$A,'Paste Here'!AF:AF),0) -> 9396.13 | AH10: =IFERROR(_xlfn.XLOOKUP($B10,'Paste Here'!$A:$A,'Paste Here'!AG:AG),0) -> 8209.99
B11: Total Inflow | C11: =IFERROR(_xlfn.XLOOKUP($B11,'Paste Here'!$A:$A,'Paste Here'!B:B),0) -> 19129.411 | D11: =IFERROR(_xlfn.XLOOKUP($B11,'Paste Here'!$A:$A,'Paste Here'!C:C),0) -> 19785.201 | E11: =IFERROR(_xlfn.XLOOKUP($B11,'Paste Here'!$A:$A,'Paste Here'!D:D),0) -> 18688.874 | F11: =IFERROR(_xlfn.XLOOKUP($B11,'Paste Here'!$A:$A,'Paste Here'!E:E),0) -> 17811.033 | G11: =IFERROR(_xlfn.XLOOKUP($B11,'Paste Here'!$A:$A,'Paste Here'!F:F),0) -> 19079.043 | H11: =IFERROR(_xlfn.XLOOKUP($B11,'Paste Here'!$A:$A,'Paste Here'!G:G),0) -> 17703.795 | I11: =IFERROR(_xlfn.XLOOKUP($B11,'Paste Here'!$A:$A,'Paste Here'!H:H),0) -> 25858.468 | J11: =IFERROR(_xlfn.XLOOKUP($B11,'Paste Here'!$A:$A,'Paste Here'!I:I),0) -> 23720.871 | K11: =IFERROR(_xlfn.XLOOKUP($B11,'Paste Here'!$A:$A,'Paste Here'!J:J),0) -> 24470.72 | L11: =IFERROR(_xlfn.XLOOKUP($B11,'Paste Here'!$A:$A,'Paste Here'!K:K),0) -> 23648.3 | M11: =IFERROR(_xlfn.XLOOKUP($B11,'Paste Here'!$A:$A,'Paste Here'!L:L),0) -> 23656.013 | N11: =IFERROR(_xlfn.XLOOKUP($B11,'Paste Here'!$A:$A,'Paste Here'!M:M),0) -> 24812.515 | O11: =IFERROR(_xlfn.XLOOKUP($B11,'Paste Here'!$A:$A,'Paste Here'!N:N),0) -> 23323.805 | P11: =IFERROR(_xlfn.XLOOKUP($B11,'Paste Here'!$A:$A,'Paste Here'!O:O),0) -> 22789.59 | Q11: =IFERROR(_xlfn.XLOOKUP($B11,'Paste Here'!$A:$A,'Paste Here'!P:P),0) -> 21065.433 | R11: =IFERROR(_xlfn.XLOOKUP($B11,'Paste Here'!$A:$A,'Paste Here'!Q:Q),0) -> 23114.613 | S11: =IFERROR(_xlfn.XLOOKUP($B11,'Paste Here'!$A:$A,'Paste Here'!R:R),0) -> 18919.037 | T11: =IFERROR(_xlfn.XLOOKUP($B11,'Paste Here'!$A:$A,'Paste Here'!S:S),0) -> 18504.808 | U11: =IFERROR(_xlfn.XLOOKUP($B11,'Paste Here'!$A:$A,'Paste Here'!T:T),0) -> 19472.25 | V11: =IFERROR(_xlfn.XLOOKUP($B11,'Paste Here'!$A:$A,'Paste Here'!U:U),0) -> 20205.556 | W11: =IFERROR(_xlfn.XLOOKUP($B11,'Paste Here'!$A:$A,'Paste Here'!V:V),0) -> 19909.091 | X11: =IFERROR(_xlfn.XLOOKUP($B11,'Paste Here'!$A:$A,'Paste Here'!W:W),0) -> 21683.473 | Y11: =IFERROR(_xlfn.XLOOKUP($B11,'Paste Here'!$A:$A,'Paste Here'!X:X),0) -> 22041.036 | Z11: =IFERROR(_xlfn.XLOOKUP($B11,'Paste Here'!$A:$A,'Paste Here'!Y:Y),0) -> 22389.058 | AA11: =IFERROR(_xlfn.XLOOKUP($B11,'Paste Here'!$A:$A,'Paste Here'!Z:Z),0) -> 16929.584 | AB11: =IFERROR(_xlfn.XLOOKUP($B11,'Paste Here'!$A:$A,'Paste Here'!AA:AA),0) -> 17389.907 | AC11: =IFERROR(_xlfn.XLOOKUP($B11,'Paste Here'!$A:$A,'Paste Here'!AB:AB),0) -> 19842.377 | AD11: =IFERROR(_xlfn.XLOOKUP($B11,'Paste Here'!$A:$A,'Paste Here'!AC:AC),0) -> 22469.87 | AE11: =IFERROR(_xlfn.XLOOKUP($B11,'Paste Here'!$A:$A,'Paste Here'!AD:AD),0) -> 22159.917 | AF11: =IFERROR(_xlfn.XLOOKUP($B11,'Paste Here'!$A:$A,'Paste Here'!AE:AE),0) -> 21364.073 | AG11: =IFERROR(_xlfn.XLOOKUP($B11,'Paste Here'!$A:$A,'Paste Here'!AF:AF),0) -> 22810.544 | AH11: =IFERROR(_xlfn.XLOOKUP($B11,'Paste Here'!$A:$A,'Paste Here'!AG:AG),0) -> 20514.587
A12: TOTAL INFLOW (queue corr) | B12: Total Inflow (Queue Corrected) | C12: =IFERROR(_xlfn.XLOOKUP($B12,'Paste Here'!$A:$A,'Paste Here'!B:B),0) -> 24145.411 | D12: =IFERROR(_xlfn.XLOOKUP($B12,'Paste Here'!$A:$A,'Paste Here'!C:C),0) -> 17163.201 | E12: =IFERROR(_xlfn.XLOOKUP($B12,'Paste Here'!$A:$A,'Paste Here'!D:D),0) -> 18916.874 | F12: =IFERROR(_xlfn.XLOOKUP($B12,'Paste Here'!$A:$A,'Paste Here'!E:E),0) -> 25392.033 | G12: =IFERROR(_xlfn.XLOOKUP($B12,'Paste Here'!$A:$A,'Paste Here'!F:F),0) -> 22670.043 | H12: =IFERROR(_xlfn.XLOOKUP($B12,'Paste Here'!$A:$A,'Paste Here'!G:G),0) -> 18729.795 | I12: =IFERROR(_xlfn.XLOOKUP($B12,'Paste Here'!$A:$A,'Paste Here'!H:H),0) -> 21877.428 | J12: =IFERROR(_xlfn.XLOOKUP($B12,'Paste Here'!$A:$A,'Paste Here'!I:I),0) -> 20963.225 | K12: =IFERROR(_xlfn.XLOOKUP($B12,'Paste Here'!$A:$A,'Paste Here'!J:J),0) -> 19934.029 | L12: =IFERROR(_xlfn.XLOOKUP($B12,'Paste Here'!$A:$A,'Paste Here'!K:K),0) -> 20228.667 | M12: =IFERROR(_xlfn.XLOOKUP($B12,'Paste Here'!$A:$A,'Paste Here'!L:L),0) -> 20982.143 | N12: =IFERROR(_xlfn.XLOOKUP($B12,'Paste Here'!$A:$A,'Paste Here'!M:M),0) -> 21965.603 | O12: =IFERROR(_xlfn.XLOOKUP($B12,'Paste Here'!$A:$A,'Paste Here'!N:N),0) -> 20853.597 | P12: =IFERROR(_xlfn.XLOOKUP($B12,'Paste Here'!$A:$A,'Paste Here'!O:O),0) -> 22789.59 | Q12: =IFERROR(_xlfn.XLOOKUP($B12,'Paste Here'!$A:$A,'Paste Here'!P:P),0) -> 21065.433 | R12: =IFERROR(_xlfn.XLOOKUP($B12,'Paste Here'!$A:$A,'Paste Here'!Q:Q),0) -> 23114.613 | S12: =IFERROR(_xlfn.XLOOKUP($B12,'Paste Here'!$A:$A,'Paste Here'!R:R),0) -> 18919.037 | T12: =IFERROR(_xlfn.XLOOKUP($B12,'Paste Here'!$A:$A,'Paste Here'!S:S),0) -> 18504.808 | U12: =IFERROR(_xlfn.XLOOKUP($B12,'Paste Here'!$A:$A,'Paste Here'!T:T),0) -> 19472.25 | V12: =IFERROR(_xlfn.XLOOKUP($B12,'Paste Here'!$A:$A,'Paste Here'!U:U),0) -> 20205.556 | W12: =IFERROR(_xlfn.XLOOKUP($B12,'Paste Here'!$A:$A,'Paste Here'!V:V),0) -> 19909.091 | X12: =IFERROR(_xlfn.XLOOKUP($B12,'Paste Here'!$A:$A,'Paste Here'!W:W),0) -> 21683.473 | Y12: =IFERROR(_xlfn.XLOOKUP($B12,'Paste Here'!$A:$A,'Paste Here'!X:X),0) -> 22041.036 | Z12: =IFERROR(_xlfn.XLOOKUP($B12,'Paste Here'!$A:$A,'Paste Here'!Y:Y),0) -> 22389.058 | AA12: =IFERROR(_xlfn.XLOOKUP($B12,'Paste Here'!$A:$A,'Paste Here'!Z:Z),0) -> 16929.584 | AB12: =IFERROR(_xlfn.XLOOKUP($B12,'Paste Here'!$A:$A,'Paste Here'!AA:AA),0) -> 17389.907 | AC12: =IFERROR(_xlfn.XLOOKUP($B12,'Paste Here'!$A:$A,'Paste Here'!AB:AB),0) -> 19842.377 | AD12: =IFERROR(_xlfn.XLOOKUP($B12,'Paste Here'!$A:$A,'Paste Here'!AC:AC),0) -> 22469.87 | AE12: =IFERROR(_xlfn.XLOOKUP($B12,'Paste Here'!$A:$A,'Paste Here'!AD:AD),0) -> 22159.917 | AF12: =IFERROR(_xlfn.XLOOKUP($B12,'Paste Here'!$A:$A,'Paste Here'!AE:AE),0) -> 21364.073 | AG12: =IFERROR(_xlfn.XLOOKUP($B12,'Paste Here'!$A:$A,'Paste Here'!AF:AF),0) -> 22810.544 | AH12: =IFERROR(_xlfn.XLOOKUP($B12,'Paste Here'!$A:$A,'Paste Here'!AG:AG),0) -> 20514.587
B13: Land Volume (DC Stock) | C13: =IFERROR(_xlfn.XLOOKUP($B13,'Paste Here'!$A:$A,'Paste Here'!B:B),0) -> 4918.005 | D13: =IFERROR(_xlfn.XLOOKUP($B13,'Paste Here'!$A:$A,'Paste Here'!C:C),0) -> 4182.286 | E13: =IFERROR(_xlfn.XLOOKUP($B13,'Paste Here'!$A:$A,'Paste Here'!D:D),0) -> 4576.384 | F13: =IFERROR(_xlfn.XLOOKUP($B13,'Paste Here'!$A:$A,'Paste Here'!E:E),0) -> 4214.885 | G13: =IFERROR(_xlfn.XLOOKUP($B13,'Paste Here'!$A:$A,'Paste Here'!F:F),0) -> 4870.572 | H13: =IFERROR(_xlfn.XLOOKUP($B13,'Paste Here'!$A:$A,'Paste Here'!G:G),0) -> 4541.383 | I13: =IFERROR(_xlfn.XLOOKUP($B13,'Paste Here'!$A:$A,'Paste Here'!H:H),0) -> 3837.1293 | J13: =IFERROR(_xlfn.XLOOKUP($B13,'Paste Here'!$A:$A,'Paste Here'!I:I),0) -> 4519.0577 | K13: =IFERROR(_xlfn.XLOOKUP($B13,'Paste Here'!$A:$A,'Paste Here'!J:J),0) -> 3523.1141 | L13: =IFERROR(_xlfn.XLOOKUP($B13,'Paste Here'!$A:$A,'Paste Here'!K:K),0) -> 4148.4644 | M13: =IFERROR(_xlfn.XLOOKUP($B13,'Paste Here'!$A:$A,'Paste Here'!L:L),0) -> 4565.957 | N13: =IFERROR(_xlfn.XLOOKUP($B13,'Paste Here'!$A:$A,'Paste Here'!M:M),0) -> 4469.085 | O13: =IFERROR(_xlfn.XLOOKUP($B13,'Paste Here'!$A:$A,'Paste Here'!N:N),0) -> 3847.321 | P13: =IFERROR(_xlfn.XLOOKUP($B13,'Paste Here'!$A:$A,'Paste Here'!O:O),0) -> 4754.0217 | Q13: =IFERROR(_xlfn.XLOOKUP($B13,'Paste Here'!$A:$A,'Paste Here'!P:P),0) -> 4044.9585 | R13: =IFERROR(_xlfn.XLOOKUP($B13,'Paste Here'!$A:$A,'Paste Here'!Q:Q),0) -> 4790.5945 | S13: =IFERROR(_xlfn.XLOOKUP($B13,'Paste Here'!$A:$A,'Paste Here'!R:R),0) -> 3430.2611 | T13: =IFERROR(_xlfn.XLOOKUP($B13,'Paste Here'!$A:$A,'Paste Here'!S:S),0) -> 3232.1129 | U13: =IFERROR(_xlfn.XLOOKUP($B13,'Paste Here'!$A:$A,'Paste Here'!T:T),0) -> 3754.0762 | V13: =IFERROR(_xlfn.XLOOKUP($B13,'Paste Here'!$A:$A,'Paste Here'!U:U),0) -> 4455.9683 | W13: =IFERROR(_xlfn.XLOOKUP($B13,'Paste Here'!$A:$A,'Paste Here'!V:V),0) -> 4314.3876 | X13: =IFERROR(_xlfn.XLOOKUP($B13,'Paste Here'!$A:$A,'Paste Here'!W:W),0) -> 4455.2996 | Y13: =IFERROR(_xlfn.XLOOKUP($B13,'Paste Here'!$A:$A,'Paste Here'!X:X),0) -> 4602.0298 | Z13: =IFERROR(_xlfn.XLOOKUP($B13,'Paste Here'!$A:$A,'Paste Here'!Y:Y),0) -> 4764.4505 | AA13: =IFERROR(_xlfn.XLOOKUP($B13,'Paste Here'!$A:$A,'Paste Here'!Z:Z),0) -> 4052.3846 | AB13: =IFERROR(_xlfn.XLOOKUP($B13,'Paste Here'!$A:$A,'Paste Here'!AA:AA),0) -> 3800.592 | AC13: =IFERROR(_xlfn.XLOOKUP($B13,'Paste Here'!$A:$A,'Paste Here'!AB:AB),0) -> 4210.3411 | AD13: =IFERROR(_xlfn.XLOOKUP($B13,'Paste Here'!$A:$A,'Paste Here'!AC:AC),0) -> 5026.5417 | AE13: =IFERROR(_xlfn.XLOOKUP($B13,'Paste Here'!$A:$A,'Paste Here'!AD:AD),0) -> 4852.237 | AF13: =IFERROR(_xlfn.XLOOKUP($B13,'Paste Here'!$A:$A,'Paste Here'!AE:AE),0) -> 4527.0042 | AG13: =IFERROR(_xlfn.XLOOKUP($B13,'Paste Here'!$A:$A,'Paste Here'!AF:AF),0) -> 4814.433 | AH13: =IFERROR(_xlfn.XLOOKUP($B13,'Paste Here'!$A:$A,'Paste Here'!AG:AG),0) -> 4416.1199
A14: DC to Store (excl. Transit) | B14: Land Volume (Transit) | C14: =IFERROR(_xlfn.XLOOKUP($B14,'Paste Here'!$A:$A,'Paste Here'!B:B),0) -> 6489.953 | D14: =IFERROR(_xlfn.XLOOKUP($B14,'Paste Here'!$A:$A,'Paste Here'!C:C),0) -> 8016.13 | E14: =IFERROR(_xlfn.XLOOKUP($B14,'Paste Here'!$A:$A,'Paste Here'!D:D),0) -> 8413.51 | F14: =IFERROR(_xlfn.XLOOKUP($B14,'Paste Here'!$A:$A,'Paste Here'!E:E),0) -> 7785.01 | G14: =IFERROR(_xlfn.XLOOKUP($B14,'Paste Here'!$A:$A,'Paste Here'!F:F),0) -> 8503.834 | H14: =IFERROR(_xlfn.XLOOKUP($B14,'Paste Here'!$A:$A,'Paste Here'!G:G),0) -> 7333.47 | I14: =IFERROR(_xlfn.XLOOKUP($B14,'Paste Here'!$A:$A,'Paste Here'!H:H),0) -> 11180.797 | J14: =IFERROR(_xlfn.XLOOKUP($B14,'Paste Here'!$A:$A,'Paste Here'!I:I),0) -> 8371.813 | K14: =IFERROR(_xlfn.XLOOKUP($B14,'Paste Here'!$A:$A,'Paste Here'!J:J),0) -> 10117.606 | L14: =IFERROR(_xlfn.XLOOKUP($B14,'Paste Here'!$A:$A,'Paste Here'!K:K),0) -> 8669.836 | M14: =IFERROR(_xlfn.XLOOKUP($B14,'Paste Here'!$A:$A,'Paste Here'!L:L),0) -> 8260.056 | N14: =IFERROR(_xlfn.XLOOKUP($B14,'Paste Here'!$A:$A,'Paste Here'!M:M),0) -> 9513.43 | O14: =IFERROR(_xlfn.XLOOKUP($B14,'Paste Here'!$A:$A,'Paste Here'!N:N),0) -> 10133.84 | P14: =IFERROR(_xlfn.XLOOKUP($B14,'Paste Here'!$A:$A,'Paste Here'!O:O),0) -> 9543.5 | Q14: =IFERROR(_xlfn.XLOOKUP($B14,'Paste Here'!$A:$A,'Paste Here'!P:P),0) -> 9795 | R14: =IFERROR(_xlfn.XLOOKUP($B14,'Paste Here'!$A:$A,'Paste Here'!Q:Q),0) -> 9766.62 | S14: =IFERROR(_xlfn.XLOOKUP($B14,'Paste Here'!$A:$A,'Paste Here'!R:R),0) -> 9361.33 | T14: =IFERROR(_xlfn.XLOOKUP($B14,'Paste Here'!$A:$A,'Paste Here'!S:S),0) -> 9499.2 | U14: =IFERROR(_xlfn.XLOOKUP($B14,'Paste Here'!$A:$A,'Paste Here'!T:T),0) -> 9012.3 | V14: =IFERROR(_xlfn.XLOOKUP($B14,'Paste Here'!$A:$A,'Paste Here'!U:U),0) -> 7789.93 | W14: =IFERROR(_xlfn.XLOOKUP($B14,'Paste Here'!$A:$A,'Paste Here'!V:V),0) -> 7887.95 | X14: =IFERROR(_xlfn.XLOOKUP($B14,'Paste Here'!$A:$A,'Paste Here'!W:W),0) -> 9269.71 | Y14: =IFERROR(_xlfn.XLOOKUP($B14,'Paste Here'!$A:$A,'Paste Here'!X:X),0) -> 9218.44 | Z14: =IFERROR(_xlfn.XLOOKUP($B14,'Paste Here'!$A:$A,'Paste Here'!Y:Y),0) -> 9113.91 | AA14: =IFERROR(_xlfn.XLOOKUP($B14,'Paste Here'!$A:$A,'Paste Here'!Z:Z),0) -> 5638.46 | AB14: =IFERROR(_xlfn.XLOOKUP($B14,'Paste Here'!$A:$A,'Paste Here'!AA:AA),0) -> 6800.35 | AC14: =IFERROR(_xlfn.XLOOKUP($B14,'Paste Here'!$A:$A,'Paste Here'!AB:AB),0) -> 8111.14 | AD14: =IFERROR(_xlfn.XLOOKUP($B14,'Paste Here'!$A:$A,'Paste Here'!AC:AC),0) -> 8464.46 | AE14: =IFERROR(_xlfn.XLOOKUP($B14,'Paste Here'!$A:$A,'Paste Here'!AD:AD),0) -> 8640.17 | AF14: =IFERROR(_xlfn.XLOOKUP($B14,'Paste Here'!$A:$A,'Paste Here'!AE:AE),0) -> 8750.52 | AG14: =IFERROR(_xlfn.XLOOKUP($B14,'Paste Here'!$A:$A,'Paste Here'!AF:AF),0) -> 9396.13 | AH14: =IFERROR(_xlfn.XLOOKUP($B14,'Paste Here'!$A:$A,'Paste Here'!AG:AG),0) -> 8209.99
A15: DC to CDC | B15: Ocean Volume (DC Stock) | C15: =IFERROR(_xlfn.XLOOKUP($B15,'Paste Here'!$A:$A,'Paste Here'!B:B),0) -> 12737.453 | D15: =IFERROR(_xlfn.XLOOKUP($B15,'Paste Here'!$A:$A,'Paste Here'!C:C),0) -> 4964.785 | E15: =IFERROR(_xlfn.XLOOKUP($B15,'Paste Here'!$A:$A,'Paste Here'!D:D),0) -> 5926.98 | F15: =IFERROR(_xlfn.XLOOKUP($B15,'Paste Here'!$A:$A,'Paste Here'!E:E),0) -> 13392.138 | G15: =IFERROR(_xlfn.XLOOKUP($B15,'Paste Here'!$A:$A,'Paste Here'!F:F),0) -> 9295.637 | H15: =IFERROR(_xlfn.XLOOKUP($B15,'Paste Here'!$A:$A,'Paste Here'!G:G),0) -> 6854.942 | I15: =IFERROR(_xlfn.XLOOKUP($B15,'Paste Here'!$A:$A,'Paste Here'!H:H),0) -> 6854.2312 | J15: =IFERROR(_xlfn.XLOOKUP($B15,'Paste Here'!$A:$A,'Paste Here'!I:I),0) -> 8072.3542 | K15: =IFERROR(_xlfn.XLOOKUP($B15,'Paste Here'!$A:$A,'Paste Here'!J:J),0) -> 6293.3086 | L15: =IFERROR(_xlfn.XLOOKUP($B15,'Paste Here'!$A:$A,'Paste Here'!K:K),0) -> 7410.3665 | M15: =IFERROR(_xlfn.XLOOKUP($B15,'Paste Here'!$A:$A,'Paste Here'!L:L),0) -> 8156.1299 | N15: =IFERROR(_xlfn.XLOOKUP($B15,'Paste Here'!$A:$A,'Paste Here'!M:M),0) -> 7983.0882 | O15: =IFERROR(_xlfn.XLOOKUP($B15,'Paste Here'!$A:$A,'Paste Here'!N:N),0) -> 6872.4365 | P15: =IFERROR(_xlfn.XLOOKUP($B15,'Paste Here'!$A:$A,'Paste Here'!O:O),0) -> 8492.0683 | Q15: =IFERROR(_xlfn.XLOOKUP($B15,'Paste Here'!$A:$A,'Paste Here'!P:P),0) -> 7225.4748 | R15: =IFERROR(_xlfn.XLOOKUP($B15,'Paste Here'!$A:$A,'Paste Here'!Q:Q),0) -> 8557.3981 | S15: =IFERROR(_xlfn.XLOOKUP($B15,'Paste Here'!$A:$A,'Paste Here'!R:R),0) -> 6127.4461 | T15: =IFERROR(_xlfn.XLOOKUP($B15,'Paste Here'!$A:$A,'Paste Here'!S:S),0) -> 5773.4956 | U15: =IFERROR(_xlfn.XLOOKUP($B15,'Paste Here'!$A:$A,'Paste Here'!T:T),0) -> 6705.8742 | V15: =IFERROR(_xlfn.XLOOKUP($B15,'Paste Here'!$A:$A,'Paste Here'!U:U),0) -> 7959.6581 | W15: =IFERROR(_xlfn.XLOOKUP($B15,'Paste Here'!$A:$A,'Paste Here'!V:V),0) -> 7706.7536 | X15: =IFERROR(_xlfn.XLOOKUP($B15,'Paste Here'!$A:$A,'Paste Here'!W:W),0) -> 7958.4635 | Y15: =IFERROR(_xlfn.XLOOKUP($B15,'Paste Here'!$A:$A,'Paste Here'!X:X),0) -> 8220.5665 | Z15: =IFERROR(_xlfn.XLOOKUP($B15,'Paste Here'!$A:$A,'Paste Here'!Y:Y),0) -> 8510.6972 | AA15: =IFERROR(_xlfn.XLOOKUP($B15,'Paste Here'!$A:$A,'Paste Here'!Z:Z),0) -> 7238.7399 | AB15: =IFERROR(_xlfn.XLOOKUP($B15,'Paste Here'!$A:$A,'Paste Here'!AA:AA),0) -> 6788.965 | AC15: =IFERROR(_xlfn.XLOOKUP($B15,'Paste Here'!$A:$A,'Paste Here'!AB:AB),0) -> 7520.8962 | AD15: =IFERROR(_xlfn.XLOOKUP($B15,'Paste Here'!$A:$A,'Paste Here'!AC:AC),0) -> 8978.8684 | AE15: =IFERROR(_xlfn.XLOOKUP($B15,'Paste Here'!$A:$A,'Paste Here'!AD:AD),0) -> 8667.5095 | AF15: =IFERROR(_xlfn.XLOOKUP($B15,'Paste Here'!$A:$A,'Paste Here'!AE:AE),0) -> 8086.5489 | AG15: =IFERROR(_xlfn.XLOOKUP($B15,'Paste Here'!$A:$A,'Paste Here'!AF:AF),0) -> 8599.9805 | AH15: =IFERROR(_xlfn.XLOOKUP($B15,'Paste Here'!$A:$A,'Paste Here'!AG:AG),0) -> 7888.4772
A16: Other Outflow (clearings) | B16: Ocean Volume (Transit) | C16: =IFERROR(_xlfn.XLOOKUP($B16,'Paste Here'!$A:$A,'Paste Here'!B:B),0) -> 0 | D16: =IFERROR(_xlfn.XLOOKUP($B16,'Paste Here'!$A:$A,'Paste Here'!C:C),0) -> 0 | E16: =IFERROR(_xlfn.XLOOKUP($B16,'Paste Here'!$A:$A,'Paste Here'!D:D),0) -> 0 | F16: =IFERROR(_xlfn.XLOOKUP($B16,'Paste Here'!$A:$A,'Paste Here'!E:E),0) -> 0 | G16: =IFERROR(_xlfn.XLOOKUP($B16,'Paste Here'!$A:$A,'Paste Here'!F:F),0) -> 0 | H16: =IFERROR(_xlfn.XLOOKUP($B16,'Paste Here'!$A:$A,'Paste Here'!G:G),0) -> 0 | I16: =IFERROR(_xlfn.XLOOKUP($B16,'Paste Here'!$A:$A,'Paste Here'!H:H),0) -> 0 | J16: =IFERROR(_xlfn.XLOOKUP($B16,'Paste Here'!$A:$A,'Paste Here'!I:I),0) -> 0 | K16: =IFERROR(_xlfn.XLOOKUP($B16,'Paste Here'!$A:$A,'Paste Here'!J:J),0) -> 0 | L16: =IFERROR(_xlfn.XLOOKUP($B16,'Paste Here'!$A:$A,'Paste Here'!K:K),0) -> 0 | M16: =IFERROR(_xlfn.XLOOKUP($B16,'Paste Here'!$A:$A,'Paste Here'!L:L),0) -> 0 | N16: =IFERROR(_xlfn.XLOOKUP($B16,'Paste Here'!$A:$A,'Paste Here'!M:M),0) -> 0 | O16: =IFERROR(_xlfn.XLOOKUP($B16,'Paste Here'!$A:$A,'Paste Here'!N:N),0) -> 0 | P16: =IFERROR(_xlfn.XLOOKUP($B16,'Paste Here'!$A:$A,'Paste Here'!O:O),0) -> 0 | Q16: =IFERROR(_xlfn.XLOOKUP($B16,'Paste Here'!$A:$A,'Paste Here'!P:P),0) -> 0 | R16: =IFERROR(_xlfn.XLOOKUP($B16,'Paste Here'!$A:$A,'Paste Here'!Q:Q),0) -> 0 | S16: =IFERROR(_xlfn.XLOOKUP($B16,'Paste Here'!$A:$A,'Paste Here'!R:R),0) -> 0 | T16: =IFERROR(_xlfn.XLOOKUP($B16,'Paste Here'!$A:$A,'Paste Here'!S:S),0) -> 0 | U16: =IFERROR(_xlfn.XLOOKUP($B16,'Paste Here'!$A:$A,'Paste Here'!T:T),0) -> 0 | V16: =IFERROR(_xlfn.XLOOKUP($B16,'Paste Here'!$A:$A,'Paste Here'!U:U),0) -> 0 | W16: =IFERROR(_xlfn.XLOOKUP($B16,'Paste Here'!$A:$A,'Paste Here'!V:V),0) -> 0 | X16: =IFERROR(_xlfn.XLOOKUP($B16,'Paste Here'!$A:$A,'Paste Here'!W:W),0) -> 0 | Y16: =IFERROR(_xlfn.XLOOKUP($B16,'Paste Here'!$A:$A,'Paste Here'!X:X),0) -> 0 | Z16: =IFERROR(_xlfn.XLOOKUP($B16,'Paste Here'!$A:$A,'Paste Here'!Y:Y),0) -> 0 | AA16: =IFERROR(_xlfn.XLOOKUP($B16,'Paste Here'!$A:$A,'Paste Here'!Z:Z),0) -> 0 | AB16: =IFERROR(_xlfn.XLOOKUP($B16,'Paste Here'!$A:$A,'Paste Here'!AA:AA),0) -> 0 | AC16: =IFERROR(_xlfn.XLOOKUP($B16,'Paste Here'!$A:$A,'Paste Here'!AB:AB),0) -> 0 | AD16: =IFERROR(_xlfn.XLOOKUP($B16,'Paste Here'!$A:$A,'Paste Here'!AC:AC),0) -> 0 | AE16: =IFERROR(_xlfn.XLOOKUP($B16,'Paste Here'!$A:$A,'Paste Here'!AD:AD),0) -> 0 | AF16: =IFERROR(_xlfn.XLOOKUP($B16,'Paste Here'!$A:$A,'Paste Here'!AE:AE),0) -> 0 | AG16: =IFERROR(_xlfn.XLOOKUP($B16,'Paste Here'!$A:$A,'Paste Here'!AF:AF),0) -> 0 | AH16: =IFERROR(_xlfn.XLOOKUP($B16,'Paste Here'!$A:$A,'Paste Here'!AG:AG),0) -> 0
B17: - | C17: =IFERROR(_xlfn.XLOOKUP($B17,'Paste Here'!$A:$A,'Paste Here'!B:B),0) -> 0 | D17: =IFERROR(_xlfn.XLOOKUP($B17,'Paste Here'!$A:$A,'Paste Here'!C:C),0) -> 0 | E17: =IFERROR(_xlfn.XLOOKUP($B17,'Paste Here'!$A:$A,'Paste Here'!D:D),0) -> 0 | F17: =IFERROR(_xlfn.XLOOKUP($B17,'Paste Here'!$A:$A,'Paste Here'!E:E),0) -> 0 | G17: =IFERROR(_xlfn.XLOOKUP($B17,'Paste Here'!$A:$A,'Paste Here'!F:F),0) -> 0 | H17: =IFERROR(_xlfn.XLOOKUP($B17,'Paste Here'!$A:$A,'Paste Here'!G:G),0) -> 0 | I17: =IFERROR(_xlfn.XLOOKUP($B17,'Paste Here'!$A:$A,'Paste Here'!H:H),0) -> 0 | J17: =IFERROR(_xlfn.XLOOKUP($B17,'Paste Here'!$A:$A,'Paste Here'!I:I),0) -> 0 | K17: =IFERROR(_xlfn.XLOOKUP($B17,'Paste Here'!$A:$A,'Paste Here'!J:J),0) -> 0 | L17: =IFERROR(_xlfn.XLOOKUP($B17,'Paste Here'!$A:$A,'Paste Here'!K:K),0) -> 0 | M17: =IFERROR(_xlfn.XLOOKUP($B17,'Paste Here'!$A:$A,'Paste Here'!L:L),0) -> 0 | N17: =IFERROR(_xlfn.XLOOKUP($B17,'Paste Here'!$A:$A,'Paste Here'!M:M),0) -> 0 | O17: =IFERROR(_xlfn.XLOOKUP($B17,'Paste Here'!$A:$A,'Paste Here'!N:N),0) -> 0 | P17: =IFERROR(_xlfn.XLOOKUP($B17,'Paste Here'!$A:$A,'Paste Here'!O:O),0) -> 0 | Q17: =IFERROR(_xlfn.XLOOKUP($B17,'Paste Here'!$A:$A,'Paste Here'!P:P),0) -> 0 | R17: =IFERROR(_xlfn.XLOOKUP($B17,'Paste Here'!$A:$A,'Paste Here'!Q:Q),0) -> 0 | S17: =IFERROR(_xlfn.XLOOKUP($B17,'Paste Here'!$A:$A,'Paste Here'!R:R),0) -> 0 | T17: =IFERROR(_xlfn.XLOOKUP($B17,'Paste Here'!$A:$A,'Paste Here'!S:S),0) -> 0 | U17: =IFERROR(_xlfn.XLOOKUP($B17,'Paste Here'!$A:$A,'Paste Here'!T:T),0) -> 0 | V17: =IFERROR(_xlfn.XLOOKUP($B17,'Paste Here'!$A:$A,'Paste Here'!U:U),0) -> 0 | W17: =IFERROR(_xlfn.XLOOKUP($B17,'Paste Here'!$A:$A,'Paste Here'!V:V),0) -> 0 | X17: =IFERROR(_xlfn.XLOOKUP($B17,'Paste Here'!$A:$A,'Paste Here'!W:W),0) -> 0 | Y17: =IFERROR(_xlfn.XLOOKUP($B17,'Paste Here'!$A:$A,'Paste Here'!X:X),0) -> 0 | Z17: =IFERROR(_xlfn.XLOOKUP($B17,'Paste Here'!$A:$A,'Paste Here'!Y:Y),0) -> 0 | AA17: =IFERROR(_xlfn.XLOOKUP($B17,'Paste Here'!$A:$A,'Paste Here'!Z:Z),0) -> 0 | AB17: =IFERROR(_xlfn.XLOOKUP($B17,'Paste Here'!$A:$A,'Paste Here'!AA:AA),0) -> 0 | AC17: =IFERROR(_xlfn.XLOOKUP($B17,'Paste Here'!$A:$A,'Paste Here'!AB:AB),0) -> 0 | AD17: =IFERROR(_xlfn.XLOOKUP($B17,'Paste Here'!$A:$A,'Paste Here'!AC:AC),0) -> 0 | AE17: =IFERROR(_xlfn.XLOOKUP($B17,'Paste Here'!$A:$A,'Paste Here'!AD:AD),0) -> 0 | AF17: =IFERROR(_xlfn.XLOOKUP($B17,'Paste Here'!$A:$A,'Paste Here'!AE:AE),0) -> 0 | AG17: =IFERROR(_xlfn.XLOOKUP($B17,'Paste Here'!$A:$A,'Paste Here'!AF:AF),0) -> 0 | AH17: =IFERROR(_xlfn.XLOOKUP($B17,'Paste Here'!$A:$A,'Paste Here'!AG:AG),0) -> 0
A18: Transit OUT | B18: DC Out from Stock to STO | C18: =IFERROR(_xlfn.XLOOKUP($B18,'Paste Here'!$A:$A,'Paste Here'!B:B),0) -> 10007.477 | D18: =IFERROR(_xlfn.XLOOKUP($B18,'Paste Here'!$A:$A,'Paste Here'!C:C),0) -> 9971.09 | E18: =IFERROR(_xlfn.XLOOKUP($B18,'Paste Here'!$A:$A,'Paste Here'!D:D),0) -> 8690.573 | F18: =IFERROR(_xlfn.XLOOKUP($B18,'Paste Here'!$A:$A,'Paste Here'!E:E),0) -> 8999.521 | G18: =IFERROR(_xlfn.XLOOKUP($B18,'Paste Here'!$A:$A,'Paste Here'!F:F),0) -> 10979.087 | H18: =IFERROR(_xlfn.XLOOKUP($B18,'Paste Here'!$A:$A,'Paste Here'!G:G),0) -> 10368.393 | I18: =IFERROR(_xlfn.XLOOKUP($B18,'Paste Here'!$A:$A,'Paste Here'!H:H),0) -> 13011.914 | J18: =IFERROR(_xlfn.XLOOKUP($B18,'Paste Here'!$A:$A,'Paste Here'!I:I),0) -> 10361.632 | K18: =IFERROR(_xlfn.XLOOKUP($B18,'Paste Here'!$A:$A,'Paste Here'!J:J),0) -> 9605.3559 | L18: =IFERROR(_xlfn.XLOOKUP($B18,'Paste Here'!$A:$A,'Paste Here'!K:K),0) -> 9730.1158 | M18: =IFERROR(_xlfn.XLOOKUP($B18,'Paste Here'!$A:$A,'Paste Here'!L:L),0) -> 9577.47 | N18: =IFERROR(_xlfn.XLOOKUP($B18,'Paste Here'!$A:$A,'Paste Here'!M:M),0) -> 9686.05 | O18: =IFERROR(_xlfn.XLOOKUP($B18,'Paste Here'!$A:$A,'Paste Here'!N:N),0) -> 10576.204 | P18: =IFERROR(_xlfn.XLOOKUP($B18,'Paste Here'!$A:$A,'Paste Here'!O:O),0) -> 10232.15 | Q18: =IFERROR(_xlfn.XLOOKUP($B18,'Paste Here'!$A:$A,'Paste Here'!P:P),0) -> 9955.74 | R18: =IFERROR(_xlfn.XLOOKUP($B18,'Paste Here'!$A:$A,'Paste Here'!Q:Q),0) -> 9866.92 | S18: =IFERROR(_xlfn.XLOOKUP($B18,'Paste Here'!$A:$A,'Paste Here'!R:R),0) -> 9510.11 | T18: =IFERROR(_xlfn.XLOOKUP($B18,'Paste Here'!$A:$A,'Paste Here'!S:S),0) -> 11271.228 | U18: =IFERROR(_xlfn.XLOOKUP($B18,'Paste Here'!$A:$A,'Paste Here'!T:T),0) -> 9922.08 | V18: =IFERROR(_xlfn.XLOOKUP($B18,'Paste Here'!$A:$A,'Paste Here'!U:U),0) -> 8213.43 | W18: =IFERROR(_xlfn.XLOOKUP($B18,'Paste Here'!$A:$A,'Paste Here'!V:V),0) -> 7736.6697 | X18: =IFERROR(_xlfn.XLOOKUP($B18,'Paste Here'!$A:$A,'Paste Here'!W:W),0) -> 8425.5584 | Y18: =IFERROR(_xlfn.XLOOKUP($B18,'Paste Here'!$A:$A,'Paste Here'!X:X),0) -> 10522.06 | Z18: =IFERROR(_xlfn.XLOOKUP($B18,'Paste Here'!$A:$A,'Paste Here'!Y:Y),0) -> 10053.91 | AA18: =IFERROR(_xlfn.XLOOKUP($B18,'Paste Here'!$A:$A,'Paste Here'!Z:Z),0) -> 9648.93 | AB18: =IFERROR(_xlfn.XLOOKUP($B18,'Paste Here'!$A:$A,'Paste Here'!AA:AA),0) -> 8724.967 | AC18: =IFERROR(_xlfn.XLOOKUP($B18,'Paste Here'!$A:$A,'Paste Here'!AB:AB),0) -> 8859.7761 | AD18: =IFERROR(_xlfn.XLOOKUP($B18,'Paste Here'!$A:$A,'Paste Here'!AC:AC),0) -> 8737.9016 | AE18: =IFERROR(_xlfn.XLOOKUP($B18,'Paste Here'!$A:$A,'Paste Here'!AD:AD),0) -> 8736.85 | AF18: =IFERROR(_xlfn.XLOOKUP($B18,'Paste Here'!$A:$A,'Paste Here'!AE:AE),0) -> 8813.888 | AG18: =IFERROR(_xlfn.XLOOKUP($B18,'Paste Here'!$A:$A,'Paste Here'!AF:AF),0) -> 11255.76 | AH18: =IFERROR(_xlfn.XLOOKUP($B18,'Paste Here'!$A:$A,'Paste Here'!AG:AG),0) -> 8833.2
A19: DC Out from Stock to CDC | B19: DC Out from Stock to CDC | C19: =IFERROR(_xlfn.XLOOKUP($B19,'Paste Here'!$A:$A,'Paste Here'!B:B),0) -> 3629.419 | D19: =IFERROR(_xlfn.XLOOKUP($B19,'Paste Here'!$A:$A,'Paste Here'!C:C),0) -> 3876.867 | E19: =IFERROR(_xlfn.XLOOKUP($B19,'Paste Here'!$A:$A,'Paste Here'!D:D),0) -> 3382.087 | F19: =IFERROR(_xlfn.XLOOKUP($B19,'Paste Here'!$A:$A,'Paste Here'!E:E),0) -> 4102.25 | G19: =IFERROR(_xlfn.XLOOKUP($B19,'Paste Here'!$A:$A,'Paste Here'!F:F),0) -> 3643.755 | H19: =IFERROR(_xlfn.XLOOKUP($B19,'Paste Here'!$A:$A,'Paste Here'!G:G),0) -> 3723.711 | I19: =IFERROR(_xlfn.XLOOKUP($B19,'Paste Here'!$A:$A,'Paste Here'!H:H),0) -> 3894.4362 | J19: =IFERROR(_xlfn.XLOOKUP($B19,'Paste Here'!$A:$A,'Paste Here'!I:I),0) -> 3725.5276 | K19: =IFERROR(_xlfn.XLOOKUP($B19,'Paste Here'!$A:$A,'Paste Here'!J:J),0) -> 3596.4441 | L19: =IFERROR(_xlfn.XLOOKUP($B19,'Paste Here'!$A:$A,'Paste Here'!K:K),0) -> 3562.7742 | M19: =IFERROR(_xlfn.XLOOKUP($B19,'Paste Here'!$A:$A,'Paste Here'!L:L),0) -> 3578.61 | N19: =IFERROR(_xlfn.XLOOKUP($B19,'Paste Here'!$A:$A,'Paste Here'!M:M),0) -> 3393.69 | O19: =IFERROR(_xlfn.XLOOKUP($B19,'Paste Here'!$A:$A,'Paste Here'!N:N),0) -> 3632.1565 | P19: =IFERROR(_xlfn.XLOOKUP($B19,'Paste Here'!$A:$A,'Paste Here'!O:O),0) -> 3602.37 | Q19: =IFERROR(_xlfn.XLOOKUP($B19,'Paste Here'!$A:$A,'Paste Here'!P:P),0) -> 3656.93 | R19: =IFERROR(_xlfn.XLOOKUP($B19,'Paste Here'!$A:$A,'Paste Here'!Q:Q),0) -> 3469.19 | S19: =IFERROR(_xlfn.XLOOKUP($B19,'Paste Here'!$A:$A,'Paste Here'!R:R),0) -> 3889.34 | T19: =IFERROR(_xlfn.XLOOKUP($B19,'Paste Here'!$A:$A,'Paste Here'!S:S),0) -> 4242.3723 | U19: =IFERROR(_xlfn.XLOOKUP($B19,'Paste Here'!$A:$A,'Paste Here'!T:T),0) -> 3472.46 | V19: =IFERROR(_xlfn.XLOOKUP($B19,'Paste Here'!$A:$A,'Paste Here'!U:U),0) -> 2749.18 | W19: =IFERROR(_xlfn.XLOOKUP($B19,'Paste Here'!$A:$A,'Paste Here'!V:V),0) -> 2400.7503 | X19: =IFERROR(_xlfn.XLOOKUP($B19,'Paste Here'!$A:$A,'Paste Here'!W:W),0) -> 3347.3916 | Y19: =IFERROR(_xlfn.XLOOKUP($B19,'Paste Here'!$A:$A,'Paste Here'!X:X),0) -> 3794.37 | Z19: =IFERROR(_xlfn.XLOOKUP($B19,'Paste Here'!$A:$A,'Paste Here'!Y:Y),0) -> 4661.74 | AA19: =IFERROR(_xlfn.XLOOKUP($B19,'Paste Here'!$A:$A,'Paste Here'!Z:Z),0) -> 4443.26 | AB19: =IFERROR(_xlfn.XLOOKUP($B19,'Paste Here'!$A:$A,'Paste Here'!AA:AA),0) -> 3766.813 | AC19: =IFERROR(_xlfn.XLOOKUP($B19,'Paste Here'!$A:$A,'Paste Here'!AB:AB),0) -> 3779.3439 | AD19: =IFERROR(_xlfn.XLOOKUP($B19,'Paste Here'!$A:$A,'Paste Here'!AC:AC),0) -> 3724.1984 | AE19: =IFERROR(_xlfn.XLOOKUP($B19,'Paste Here'!$A:$A,'Paste Here'!AD:AD),0) -> 3888.13 | AF19: =IFERROR(_xlfn.XLOOKUP($B19,'Paste Here'!$A:$A,'Paste Here'!AE:AE),0) -> 4096.512 | AG19: =IFERROR(_xlfn.XLOOKUP($B19,'Paste Here'!$A:$A,'Paste Here'!AF:AF),0) -> 4389.33 | AH19: =IFERROR(_xlfn.XLOOKUP($B19,'Paste Here'!$A:$A,'Paste Here'!AG:AG),0) -> 3496.8
B20: DC Out from Stock to other BU | C20: =IFERROR(_xlfn.XLOOKUP($B20,'Paste Here'!$A:$A,'Paste Here'!B:B),0) -> 297.823 | D20: =IFERROR(_xlfn.XLOOKUP($B20,'Paste Here'!$A:$A,'Paste Here'!C:C),0) -> 0 | E20: =IFERROR(_xlfn.XLOOKUP($B20,'Paste Here'!$A:$A,'Paste Here'!D:D),0) -> 0 | F20: =IFERROR(_xlfn.XLOOKUP($B20,'Paste Here'!$A:$A,'Paste Here'!E:E),0) -> 0 | G20: =IFERROR(_xlfn.XLOOKUP($B20,'Paste Here'!$A:$A,'Paste Here'!F:F),0) -> 201.254 | H20: =IFERROR(_xlfn.XLOOKUP($B20,'Paste Here'!$A:$A,'Paste Here'!G:G),0) -> 40.455 | I20: =IFERROR(_xlfn.XLOOKUP($B20,'Paste Here'!$A:$A,'Paste Here'!H:H),0) -> 0 | J20: =IFERROR(_xlfn.XLOOKUP($B20,'Paste Here'!$A:$A,'Paste Here'!I:I),0) -> 0 | K20: =IFERROR(_xlfn.XLOOKUP($B20,'Paste Here'!$A:$A,'Paste Here'!J:J),0) -> 0 | L20: =IFERROR(_xlfn.XLOOKUP($B20,'Paste Here'!$A:$A,'Paste Here'!K:K),0) -> 0 | M20: =IFERROR(_xlfn.XLOOKUP($B20,'Paste Here'!$A:$A,'Paste Here'!L:L),0) -> 0 | N20: =IFERROR(_xlfn.XLOOKUP($B20,'Paste Here'!$A:$A,'Paste Here'!M:M),0) -> 0 | O20: =IFERROR(_xlfn.XLOOKUP($B20,'Paste Here'!$A:$A,'Paste Here'!N:N),0) -> 0 | P20: =IFERROR(_xlfn.XLOOKUP($B20,'Paste Here'!$A:$A,'Paste Here'!O:O),0) -> 0 | Q20: =IFERROR(_xlfn.XLOOKUP($B20,'Paste Here'!$A:$A,'Paste Here'!P:P),0) -> 0 | R20: =IFERROR(_xlfn.XLOOKUP($B20,'Paste Here'!$A:$A,'Paste Here'!Q:Q),0) -> 0 | S20: =IFERROR(_xlfn.XLOOKUP($B20,'Paste Here'!$A:$A,'Paste Here'!R:R),0) -> 0 | T20: =IFERROR(_xlfn.XLOOKUP($B20,'Paste Here'!$A:$A,'Paste Here'!S:S),0) -> 0 | U20: =IFERROR(_xlfn.XLOOKUP($B20,'Paste Here'!$A:$A,'Paste Here'!T:T),0) -> 0 | V20: =IFERROR(_xlfn.XLOOKUP($B20,'Paste Here'!$A:$A,'Paste Here'!U:U),0) -> 0 | W20: =IFERROR(_xlfn.XLOOKUP($B20,'Paste Here'!$A:$A,'Paste Here'!V:V),0) -> 0 | X20: =IFERROR(_xlfn.XLOOKUP($B20,'Paste Here'!$A:$A,'Paste Here'!W:W),0) -> 0 | Y20: =IFERROR(_xlfn.XLOOKUP($B20,'Paste Here'!$A:$A,'Paste Here'!X:X),0) -> 0 | Z20: =IFERROR(_xlfn.XLOOKUP($B20,'Paste Here'!$A:$A,'Paste Here'!Y:Y),0) -> 0 | AA20: =IFERROR(_xlfn.XLOOKUP($B20,'Paste Here'!$A:$A,'Paste Here'!Z:Z),0) -> 0 | AB20: =IFERROR(_xlfn.XLOOKUP($B20,'Paste Here'!$A:$A,'Paste Here'!AA:AA),0) -> 0 | AC20: =IFERROR(_xlfn.XLOOKUP($B20,'Paste Here'!$A:$A,'Paste Here'!AB:AB),0) -> 0 | AD20: =IFERROR(_xlfn.XLOOKUP($B20,'Paste Here'!$A:$A,'Paste Here'!AC:AC),0) -> 0 | AE20: =IFERROR(_xlfn.XLOOKUP($B20,'Paste Here'!$A:$A,'Paste Here'!AD:AD),0) -> 0 | AF20: =IFERROR(_xlfn.XLOOKUP($B20,'Paste Here'!$A:$A,'Paste Here'!AE:AE),0) -> 0 | AG20: =IFERROR(_xlfn.XLOOKUP($B20,'Paste Here'!$A:$A,'Paste Here'!AF:AF),0) -> 0 | AH20: =IFERROR(_xlfn.XLOOKUP($B20,'Paste Here'!$A:$A,'Paste Here'!AG:AG),0) -> 0
A21: Picking m3 | B21: Total DC Out from Stock | C21: =IFERROR(_xlfn.XLOOKUP($B21,'Paste Here'!$A:$A,'Paste Here'!B:B),0) -> 13934.719 | D21: =IFERROR(_xlfn.XLOOKUP($B21,'Paste Here'!$A:$A,'Paste Here'!C:C),0) -> 13847.957 | E21: =IFERROR(_xlfn.XLOOKUP($B21,'Paste Here'!$A:$A,'Paste Here'!D:D),0) -> 12072.66 | F21: =IFERROR(_xlfn.XLOOKUP($B21,'Paste Here'!$A:$A,'Paste Here'!E:E),0) -> 13101.771 | G21: =IFERROR(_xlfn.XLOOKUP($B21,'Paste Here'!$A:$A,'Paste Here'!F:F),0) -> 14824.096 | H21: =IFERROR(_xlfn.XLOOKUP($B21,'Paste Here'!$A:$A,'Paste Here'!G:G),0) -> 14132.559 | I21: =IFERROR(_xlfn.XLOOKUP($B21,'Paste Here'!$A:$A,'Paste Here'!H:H),0) -> 16906.35 | J21: =IFERROR(_xlfn.XLOOKUP($B21,'Paste Here'!$A:$A,'Paste Here'!I:I),0) -> 14087.16 | K21: =IFERROR(_xlfn.XLOOKUP($B21,'Paste Here'!$A:$A,'Paste Here'!J:J),0) -> 13201.8 | L21: =IFERROR(_xlfn.XLOOKUP($B21,'Paste Here'!$A:$A,'Paste Here'!K:K),0) -> 13292.89 | M21: =IFERROR(_xlfn.XLOOKUP($B21,'Paste Here'!$A:$A,'Paste Here'!L:L),0) -> 13156.08 | N21: =IFERROR(_xlfn.XLOOKUP($B21,'Paste Here'!$A:$A,'Paste Here'!M:M),0) -> 13079.74 | O21: =IFERROR(_xlfn.XLOOKUP($B21,'Paste Here'!$A:$A,'Paste Here'!N:N),0) -> 14208.36 | P21: =IFERROR(_xlfn.XLOOKUP($B21,'Paste Here'!$A:$A,'Paste Here'!O:O),0) -> 13834.52 | Q21: =IFERROR(_xlfn.XLOOKUP($B21,'Paste Here'!$A:$A,'Paste Here'!P:P),0) -> 13612.67 | R21: =IFERROR(_xlfn.XLOOKUP($B21,'Paste Here'!$A:$A,'Paste Here'!Q:Q),0) -> 13336.11 | S21: =IFERROR(_xlfn.XLOOKUP($B21,'Paste Here'!$A:$A,'Paste Here'!R:R),0) -> 13399.45 | T21: =IFERROR(_xlfn.XLOOKUP($B21,'Paste Here'!$A:$A,'Paste Here'!S:S),0) -> 15513.6 | U21: =IFERROR(_xlfn.XLOOKUP($B21,'Paste Here'!$A:$A,'Paste Here'!T:T),0) -> 13394.54 | V21: =IFERROR(_xlfn.XLOOKUP($B21,'Paste Here'!$A:$A,'Paste Here'!U:U),0) -> 10962.61 | W21: =IFERROR(_xlfn.XLOOKUP($B21,'Paste Here'!$A:$A,'Paste Here'!V:V),0) -> 10137.42 | X21: =IFERROR(_xlfn.XLOOKUP($B21,'Paste Here'!$A:$A,'Paste Here'!W:W),0) -> 11772.95 | Y21: =IFERROR(_xlfn.XLOOKUP($B21,'Paste Here'!$A:$A,'Paste Here'!X:X),0) -> 14316.43 | Z21: =IFERROR(_xlfn.XLOOKUP($B21,'Paste Here'!$A:$A,'Paste Here'!Y:Y),0) -> 14715.65 | AA21: =IFERROR(_xlfn.XLOOKUP($B21,'Paste Here'!$A:$A,'Paste Here'!Z:Z),0) -> 14092.19 | AB21: =IFERROR(_xlfn.XLOOKUP($B21,'Paste Here'!$A:$A,'Paste Here'!AA:AA),0) -> 12491.78 | AC21: =IFERROR(_xlfn.XLOOKUP($B21,'Paste Here'!$A:$A,'Paste Here'!AB:AB),0) -> 12639.12 | AD21: =IFERROR(_xlfn.XLOOKUP($B21,'Paste Here'!$A:$A,'Paste Here'!AC:AC),0) -> 12462.1 | AE21: =IFERROR(_xlfn.XLOOKUP($B21,'Paste Here'!$A:$A,'Paste Here'!AD:AD),0) -> 12624.98 | AF21: =IFERROR(_xlfn.XLOOKUP($B21,'Paste Here'!$A:$A,'Paste Here'!AE:AE),0) -> 12910.4 | AG21: =IFERROR(_xlfn.XLOOKUP($B21,'Paste Here'!$A:$A,'Paste Here'!AF:AF),0) -> 15645.09 | AH21: =IFERROR(_xlfn.XLOOKUP($B21,'Paste Here'!$A:$A,'Paste Here'!AG:AG),0) -> 12330
B22: Total DC Out Transit | C22: =IFERROR(_xlfn.XLOOKUP($B22,'Paste Here'!$A:$A,'Paste Here'!B:B),0) -> 6815.12 | D22: =IFERROR(_xlfn.XLOOKUP($B22,'Paste Here'!$A:$A,'Paste Here'!C:C),0) -> 7643.706 | E22: =IFERROR(_xlfn.XLOOKUP($B22,'Paste Here'!$A:$A,'Paste Here'!D:D),0) -> 8230.709 | F22: =IFERROR(_xlfn.XLOOKUP($B22,'Paste Here'!$A:$A,'Paste Here'!E:E),0) -> 7483.62 | G22: =IFERROR(_xlfn.XLOOKUP($B22,'Paste Here'!$A:$A,'Paste Here'!F:F),0) -> 7821.638 | H22: =IFERROR(_xlfn.XLOOKUP($B22,'Paste Here'!$A:$A,'Paste Here'!G:G),0) -> 7754.769 | I22: =IFERROR(_xlfn.XLOOKUP($B22,'Paste Here'!$A:$A,'Paste Here'!H:H),0) -> 11180.797 | J22: =IFERROR(_xlfn.XLOOKUP($B22,'Paste Here'!$A:$A,'Paste Here'!I:I),0) -> 8371.813 | K22: =IFERROR(_xlfn.XLOOKUP($B22,'Paste Here'!$A:$A,'Paste Here'!J:J),0) -> 10117.606 | L22: =IFERROR(_xlfn.XLOOKUP($B22,'Paste Here'!$A:$A,'Paste Here'!K:K),0) -> 8669.836 | M22: =IFERROR(_xlfn.XLOOKUP($B22,'Paste Here'!$A:$A,'Paste Here'!L:L),0) -> 8260.056 | N22: =IFERROR(_xlfn.XLOOKUP($B22,'Paste Here'!$A:$A,'Paste Here'!M:M),0) -> 9513.43 | O22: =IFERROR(_xlfn.XLOOKUP($B22,'Paste Here'!$A:$A,'Paste Here'!N:N),0) -> 10133.84 | P22: =IFERROR(_xlfn.XLOOKUP($B22,'Paste Here'!$A:$A,'Paste Here'!O:O),0) -> 9543.5 | Q22: =IFERROR(_xlfn.XLOOKUP($B22,'Paste Here'!$A:$A,'Paste Here'!P:P),0) -> 9795 | R22: =IFERROR(_xlfn.XLOOKUP($B22,'Paste Here'!$A:$A,'Paste Here'!Q:Q),0) -> 9766.62 | S22: =IFERROR(_xlfn.XLOOKUP($B22,'Paste Here'!$A:$A,'Paste Here'!R:R),0) -> 9361.33 | T22: =IFERROR(_xlfn.XLOOKUP($B22,'Paste Here'!$A:$A,'Paste Here'!S:S),0) -> 9499.2 | U22: =IFERROR(_xlfn.XLOOKUP($B22,'Paste Here'!$A:$A,'Paste Here'!T:T),0) -> 9012.3 | V22: =IFERROR(_xlfn.XLOOKUP($B22,'Paste Here'!$A:$A,'Paste Here'!U:U),0) -> 7789.93 | W22: =IFERROR(_xlfn.XLOOKUP($B22,'Paste Here'!$A:$A,'Paste Here'!V:V),0) -> 7887.95 | X22: =IFERROR(_xlfn.XLOOKUP($B22,'Paste Here'!$A:$A,'Paste Here'!W:W),0) -> 9269.71 | Y22: =IFERROR(_xlfn.XLOOKUP($B22,'Paste Here'!$A:$A,'Paste Here'!X:X),0) -> 9218.44 | Z22: =IFERROR(_xlfn.XLOOKUP($B22,'Paste Here'!$A:$A,'Paste Here'!Y:Y),0) -> 9113.91 | AA22: =IFERROR(_xlfn.XLOOKUP($B22,'Paste Here'!$A:$A,'Paste Here'!Z:Z),0) -> 5638.46 | AB22: =IFERROR(_xlfn.XLOOKUP($B22,'Paste Here'!$A:$A,'Paste Here'!AA:AA),0) -> 6800.35 | AC22: =IFERROR(_xlfn.XLOOKUP($B22,'Paste Here'!$A:$A,'Paste Here'!AB:AB),0) -> 8111.14 | AD22: =IFERROR(_xlfn.XLOOKUP($B22,'Paste Here'!$A:$A,'Paste Here'!AC:AC),0) -> 8464.46 | AE22: =IFERROR(_xlfn.XLOOKUP($B22,'Paste Here'!$A:$A,'Paste Here'!AD:AD),0) -> 8640.17 | AF22: =IFERROR(_xlfn.XLOOKUP($B22,'Paste Here'!$A:$A,'Paste Here'!AE:AE),0) -> 8750.52 | AG22: =IFERROR(_xlfn.XLOOKUP($B22,'Paste Here'!$A:$A,'Paste Here'!AF:AF),0) -> 9396.13 | AH22: =IFERROR(_xlfn.XLOOKUP($B22,'Paste Here'!$A:$A,'Paste Here'!AG:AG),0) -> 8209.99
A23: Picking OL | B23: Total Outbound | C23: =IFERROR(_xlfn.XLOOKUP($B23,'Paste Here'!$A:$A,'Paste Here'!B:B),0) -> 20749.839 | D23: =IFERROR(_xlfn.XLOOKUP($B23,'Paste Here'!$A:$A,'Paste Here'!C:C),0) -> 21491.663 | E23: =IFERROR(_xlfn.XLOOKUP($B23,'Paste Here'!$A:$A,'Paste Here'!D:D),0) -> 20303.369 | F23: =IFERROR(_xlfn.XLOOKUP($B23,'Paste Here'!$A:$A,'Paste Here'!E:E),0) -> 20585.391 | G23: =IFERROR(_xlfn.XLOOKUP($B23,'Paste Here'!$A:$A,'Paste Here'!F:F),0) -> 22645.734 | H23: =IFERROR(_xlfn.XLOOKUP($B23,'Paste Here'!$A:$A,'Paste Here'!G:G),0) -> 21887.328 | I23: =IFERROR(_xlfn.XLOOKUP($B23,'Paste Here'!$A:$A,'Paste Here'!H:H),0) -> 28087.147 | J23: =IFERROR(_xlfn.XLOOKUP($B23,'Paste Here'!$A:$A,'Paste Here'!I:I),0) -> 22458.973 | K23: =IFERROR(_xlfn.XLOOKUP($B23,'Paste Here'!$A:$A,'Paste Here'!J:J),0) -> 23319.406 | L23: =IFERROR(_xlfn.XLOOKUP($B23,'Paste Here'!$A:$A,'Paste Here'!K:K),0) -> 21962.726 | M23: =IFERROR(_xlfn.XLOOKUP($B23,'Paste Here'!$A:$A,'Paste Here'!L:L),0) -> 21416.136 | N23: =IFERROR(_xlfn.XLOOKUP($B23,'Paste Here'!$A:$A,'Paste Here'!M:M),0) -> 22593.17 | O23: =IFERROR(_xlfn.XLOOKUP($B23,'Paste Here'!$A:$A,'Paste Here'!N:N),0) -> 24342.2 | P23: =IFERROR(_xlfn.XLOOKUP($B23,'Paste Here'!$A:$A,'Paste Here'!O:O),0) -> 23378.02 | Q23: =IFERROR(_xlfn.XLOOKUP($B23,'Paste Here'!$A:$A,'Paste Here'!P:P),0) -> 23407.67 | R23: =IFERROR(_xlfn.XLOOKUP($B23,'Paste Here'!$A:$A,'Paste Here'!Q:Q),0) -> 23102.73 | S23: =IFERROR(_xlfn.XLOOKUP($B23,'Paste Here'!$A:$A,'Paste Here'!R:R),0) -> 22760.78 | T23: =IFERROR(_xlfn.XLOOKUP($B23,'Paste Here'!$A:$A,'Paste Here'!S:S),0) -> 25012.8 | U23: =IFERROR(_xlfn.XLOOKUP($B23,'Paste Here'!$A:$A,'Paste Here'!T:T),0) -> 22406.84 | V23: =IFERROR(_xlfn.XLOOKUP($B23,'Paste Here'!$A:$A,'Paste Here'!U:U),0) -> 18752.54 | W23: =IFERROR(_xlfn.XLOOKUP($B23,'Paste Here'!$A:$A,'Paste Here'!V:V),0) -> 18025.37 | X23: =IFERROR(_xlfn.XLOOKUP($B23,'Paste Here'!$A:$A,'Paste Here'!W:W),0) -> 21042.66 | Y23: =IFERROR(_xlfn.XLOOKUP($B23,'Paste Here'!$A:$A,'Paste Here'!X:X),0) -> 23534.87 | Z23: =IFERROR(_xlfn.XLOOKUP($B23,'Paste Here'!$A:$A,'Paste Here'!Y:Y),0) -> 23829.56 | AA23: =IFERROR(_xlfn.XLOOKUP($B23,'Paste Here'!$A:$A,'Paste Here'!Z:Z),0) -> 19730.65 | AB23: =IFERROR(_xlfn.XLOOKUP($B23,'Paste Here'!$A:$A,'Paste Here'!AA:AA),0) -> 19292.13 | AC23: =IFERROR(_xlfn.XLOOKUP($B23,'Paste Here'!$A:$A,'Paste Here'!AB:AB),0) -> 20750.26 | AD23: =IFERROR(_xlfn.XLOOKUP($B23,'Paste Here'!$A:$A,'Paste Here'!AC:AC),0) -> 20926.56 | AE23: =IFERROR(_xlfn.XLOOKUP($B23,'Paste Here'!$A:$A,'Paste Here'!AD:AD),0) -> 21265.15 | AF23: =IFERROR(_xlfn.XLOOKUP($B23,'Paste Here'!$A:$A,'Paste Here'!AE:AE),0) -> 21660.92 | AG23: =IFERROR(_xlfn.XLOOKUP($B23,'Paste Here'!$A:$A,'Paste Here'!AF:AF),0) -> 25041.22 | AH23: =IFERROR(_xlfn.XLOOKUP($B23,'Paste Here'!$A:$A,'Paste Here'!AG:AG),0) -> 20539.99
B24: Picking % | C24: =IFERROR(_xlfn.XLOOKUP($B24,'Paste Here'!$A:$A,'Paste Here'!B:B),0) -> 0.057765427 | D24: =IFERROR(_xlfn.XLOOKUP($B24,'Paste Here'!$A:$A,'Paste Here'!C:C),0) -> 0.05707109 | E24: =IFERROR(_xlfn.XLOOKUP($B24,'Paste Here'!$A:$A,'Paste Here'!D:D),0) -> 0.082201934 | F24: =IFERROR(_xlfn.XLOOKUP($B24,'Paste Here'!$A:$A,'Paste Here'!E:E),0) -> 0.064379541 | G24: =IFERROR(_xlfn.XLOOKUP($B24,'Paste Here'!$A:$A,'Paste Here'!F:F),0) -> 0.073257486 | H24: =IFERROR(_xlfn.XLOOKUP($B24,'Paste Here'!$A:$A,'Paste Here'!G:G),0) -> 0.055953844 | I24: =IFERROR(_xlfn.XLOOKUP($B24,'Paste Here'!$A:$A,'Paste Here'!H:H),0) -> 0.065 | J24: =IFERROR(_xlfn.XLOOKUP($B24,'Paste Here'!$A:$A,'Paste Here'!I:I),0) -> 0.065 | K24: =IFERROR(_xlfn.XLOOKUP($B24,'Paste Here'!$A:$A,'Paste Here'!J:J),0) -> 0.065 | L24: =IFERROR(_xlfn.XLOOKUP($B24,'Paste Here'!$A:$A,'Paste Here'!K:K),0) -> 0.065 | M24: =IFERROR(_xlfn.XLOOKUP($B24,'Paste Here'!$A:$A,'Paste Here'!L:L),0) -> 0.065 | N24: =IFERROR(_xlfn.XLOOKUP($B24,'Paste Here'!$A:$A,'Paste Here'!M:M),0) -> 0.065 | O24: =IFERROR(_xlfn.XLOOKUP($B24,'Paste Here'!$A:$A,'Paste Here'!N:N),0) -> 0.065 | P24: =IFERROR(_xlfn.XLOOKUP($B24,'Paste Here'!$A:$A,'Paste Here'!O:O),0) -> 0.065 | Q24: =IFERROR(_xlfn.XLOOKUP($B24,'Paste Here'!$A:$A,'Paste Here'!P:P),0) -> 0.065 | R24: =IFERROR(_xlfn.XLOOKUP($B24,'Paste Here'!$A:$A,'Paste Here'!Q:Q),0) -> 0.065 | S24: =IFERROR(_xlfn.XLOOKUP($B24,'Paste Here'!$A:$A,'Paste Here'!R:R),0) -> 0.065 | T24: =IFERROR(_xlfn.XLOOKUP($B24,'Paste Here'!$A:$A,'Paste Here'!S:S),0) -> 0.065 | U24: =IFERROR(_xlfn.XLOOKUP($B24,'Paste Here'!$A:$A,'Paste Here'!T:T),0) -> 0.065 | V24: =IFERROR(_xlfn.XLOOKUP($B24,'Paste Here'!$A:$A,'Paste Here'!U:U),0) -> 0.065 | W24: =IFERROR(_xlfn.XLOOKUP($B24,'Paste Here'!$A:$A,'Paste Here'!V:V),0) -> 0.065 | X24: =IFERROR(_xlfn.XLOOKUP($B24,'Paste Here'!$A:$A,'Paste Here'!W:W),0) -> 0.065 | Y24: =IFERROR(_xlfn.XLOOKUP($B24,'Paste Here'!$A:$A,'Paste Here'!X:X),0) -> 0.065 | Z24: =IFERROR(_xlfn.XLOOKUP($B24,'Paste Here'!$A:$A,'Paste Here'!Y:Y),0) -> 0.065 | AA24: =IFERROR(_xlfn.XLOOKUP($B24,'Paste Here'!$A:$A,'Paste Here'!Z:Z),0) -> 0.065 | AB24: =IFERROR(_xlfn.XLOOKUP($B24,'Paste Here'!$A:$A,'Paste Here'!AA:AA),0) -> 0.065 | AC24: =IFERROR(_xlfn.XLOOKUP($B24,'Paste Here'!$A:$A,'Paste Here'!AB:AB),0) -> 0.065 | AD24: =IFERROR(_xlfn.XLOOKUP($B24,'Paste Here'!$A:$A,'Paste Here'!AC:AC),0) -> 0.065 | AE24: =IFERROR(_xlfn.XLOOKUP($B24,'Paste Here'!$A:$A,'Paste Here'!AD:AD),0) -> 0.065 | AF24: =IFERROR(_xlfn.XLOOKUP($B24,'Paste Here'!$A:$A,'Paste Here'!AE:AE),0) -> 0.065 | AG24: =IFERROR(_xlfn.XLOOKUP($B24,'Paste Here'!$A:$A,'Paste Here'!AF:AF),0) -> 0.065 | AH24: =IFERROR(_xlfn.XLOOKUP($B24,'Paste Here'!$A:$A,'Paste Here'!AG:AG),0) -> 0.065
B25: Picking m3 | C25: =IFERROR(_xlfn.XLOOKUP($B25,'Paste Here'!$A:$A,'Paste Here'!B:B),0) -> 804.945 | D25: =IFERROR(_xlfn.XLOOKUP($B25,'Paste Here'!$A:$A,'Paste Here'!C:C),0) -> 790.318 | E25: =IFERROR(_xlfn.XLOOKUP($B25,'Paste Here'!$A:$A,'Paste Here'!D:D),0) -> 992.396 | F25: =IFERROR(_xlfn.XLOOKUP($B25,'Paste Here'!$A:$A,'Paste Here'!E:E),0) -> 843.486 | G25: =IFERROR(_xlfn.XLOOKUP($B25,'Paste Here'!$A:$A,'Paste Here'!F:F),0) -> 1085.976 | H25: =IFERROR(_xlfn.XLOOKUP($B25,'Paste Here'!$A:$A,'Paste Here'!G:G),0) -> 790.771 | I25: =IFERROR(_xlfn.XLOOKUP($B25,'Paste Here'!$A:$A,'Paste Here'!H:H),0) -> 1098.9127 | J25: =IFERROR(_xlfn.XLOOKUP($B25,'Paste Here'!$A:$A,'Paste Here'!I:I),0) -> 915.6654 | K25: =IFERROR(_xlfn.XLOOKUP($B25,'Paste Here'!$A:$A,'Paste Here'!J:J),0) -> 858.117 | L25: =IFERROR(_xlfn.XLOOKUP($B25,'Paste Here'!$A:$A,'Paste Here'!K:K),0) -> 864.03785 | M25: =IFERROR(_xlfn.XLOOKUP($B25,'Paste Here'!$A:$A,'Paste Here'!L:L),0) -> 855.1452 | N25: =IFERROR(_xlfn.XLOOKUP($B25,'Paste Here'!$A:$A,'Paste Here'!M:M),0) -> 850.1831 | O25: =IFERROR(_xlfn.XLOOKUP($B25,'Paste Here'!$A:$A,'Paste Here'!N:N),0) -> 923.5434 | P25: =IFERROR(_xlfn.XLOOKUP($B25,'Paste Here'!$A:$A,'Paste Here'!O:O),0) -> 899.2438 | Q25: =IFERROR(_xlfn.XLOOKUP($B25,'Paste Here'!$A:$A,'Paste Here'!P:P),0) -> 884.82355 | R25: =IFERROR(_xlfn.XLOOKUP($B25,'Paste Here'!$A:$A,'Paste Here'!Q:Q),0) -> 866.84715 | S25: =IFERROR(_xlfn.XLOOKUP($B25,'Paste Here'!$A:$A,'Paste Here'!R:R),0) -> 870.96425 | T25: =IFERROR(_xlfn.XLOOKUP($B25,'Paste Here'!$A:$A,'Paste Here'!S:S),0) -> 1008.384 | U25: =IFERROR(_xlfn.XLOOKUP($B25,'Paste Here'!$A:$A,'Paste Here'!T:T),0) -> 870.6451 | V25: =IFERROR(_xlfn.XLOOKUP($B25,'Paste Here'!$A:$A,'Paste Here'!U:U),0) -> 712.56965 | W25: =IFERROR(_xlfn.XLOOKUP($B25,'Paste Here'!$A:$A,'Paste Here'!V:V),0) -> 658.9323 | X25: =IFERROR(_xlfn.XLOOKUP($B25,'Paste Here'!$A:$A,'Paste Here'!W:W),0) -> 765.24175 | Y25: =IFERROR(_xlfn.XLOOKUP($B25,'Paste Here'!$A:$A,'Paste Here'!X:X),0) -> 930.56795 | Z25: =IFERROR(_xlfn.XLOOKUP($B25,'Paste Here'!$A:$A,'Paste Here'!Y:Y),0) -> 956.51725 | AA25: =IFERROR(_xlfn.XLOOKUP($B25,'Paste Here'!$A:$A,'Paste Here'!Z:Z),0) -> 915.99235 | AB25: =IFERROR(_xlfn.XLOOKUP($B25,'Paste Here'!$A:$A,'Paste Here'!AA:AA),0) -> 811.9657 | AC25: =IFERROR(_xlfn.XLOOKUP($B25,'Paste Here'!$A:$A,'Paste Here'!AB:AB),0) -> 821.5428 | AD25: =IFERROR(_xlfn.XLOOKUP($B25,'Paste Here'!$A:$A,'Paste Here'!AC:AC),0) -> 810.0365 | AE25: =IFERROR(_xlfn.XLOOKUP($B25,'Paste Here'!$A:$A,'Paste Here'!AD:AD),0) -> 820.6237 | AF25: =IFERROR(_xlfn.XLOOKUP($B25,'Paste Here'!$A:$A,'Paste Here'!AE:AE),0) -> 839.176 | AG25: =IFERROR(_xlfn.XLOOKUP($B25,'Paste Here'!$A:$A,'Paste Here'!AF:AF),0) -> 1016.9308 | AH25: =IFERROR(_xlfn.XLOOKUP($B25,'Paste Here'!$A:$A,'Paste Here'!AG:AG),0) -> 801.45
B26: Picking OL/m3 | C26: =IFERROR(_xlfn.XLOOKUP($B26,'Paste Here'!$A:$A,'Paste Here'!B:B),0) -> 6.7793452 | D26: =IFERROR(_xlfn.XLOOKUP($B26,'Paste Here'!$A:$A,'Paste Here'!C:C),0) -> 6.5479971 | E26: =IFERROR(_xlfn.XLOOKUP($B26,'Paste Here'!$A:$A,'Paste Here'!D:D),0) -> 6.5225978 | F26: =IFERROR(_xlfn.XLOOKUP($B26,'Paste Here'!$A:$A,'Paste Here'!E:E),0) -> 6.0012851 | G26: =IFERROR(_xlfn.XLOOKUP($B26,'Paste Here'!$A:$A,'Paste Here'!F:F),0) -> 6.090374 | H26: =IFERROR(_xlfn.XLOOKUP($B26,'Paste Here'!$A:$A,'Paste Here'!G:G),0) -> 6.4418144 | I26: =IFERROR(_xlfn.XLOOKUP($B26,'Paste Here'!$A:$A,'Paste Here'!H:H),0) -> 6.4 | J26: =IFERROR(_xlfn.XLOOKUP($B26,'Paste Here'!$A:$A,'Paste Here'!I:I),0) -> 6.4 | K26: =IFERROR(_xlfn.XLOOKUP($B26,'Paste Here'!$A:$A,'Paste Here'!J:J),0) -> 6.4 | L26: =IFERROR(_xlfn.XLOOKUP($B26,'Paste Here'!$A:$A,'Paste Here'!K:K),0) -> 6.4 | M26: =IFERROR(_xlfn.XLOOKUP($B26,'Paste Here'!$A:$A,'Paste Here'!L:L),0) -> 6.4 | N26: =IFERROR(_xlfn.XLOOKUP($B26,'Paste Here'!$A:$A,'Paste Here'!M:M),0) -> 6.4 | O26: =IFERROR(_xlfn.XLOOKUP($B26,'Paste Here'!$A:$A,'Paste Here'!N:N),0) -> 6.4 | P26: =IFERROR(_xlfn.XLOOKUP($B26,'Paste Here'!$A:$A,'Paste Here'!O:O),0) -> 6.4 | Q26: =IFERROR(_xlfn.XLOOKUP($B26,'Paste Here'!$A:$A,'Paste Here'!P:P),0) -> 6.4 | R26: =IFERROR(_xlfn.XLOOKUP($B26,'Paste Here'!$A:$A,'Paste Here'!Q:Q),0) -> 6.4 | S26: =IFERROR(_xlfn.XLOOKUP($B26,'Paste Here'!$A:$A,'Paste Here'!R:R),0) -> 6.4 | T26: =IFERROR(_xlfn.XLOOKUP($B26,'Paste Here'!$A:$A,'Paste Here'!S:S),0) -> 6.4 | U26: =IFERROR(_xlfn.XLOOKUP($B26,'Paste Here'!$A:$A,'Paste Here'!T:T),0) -> 6.4 | V26: =IFERROR(_xlfn.XLOOKUP($B26,'Paste Here'!$A:$A,'Paste Here'!U:U),0) -> 6.4 | W26: =IFERROR(_xlfn.XLOOKUP($B26,'Paste Here'!$A:$A,'Paste Here'!V:V),0) -> 6.4 | X26: =IFERROR(_xlfn.XLOOKUP($B26,'Paste Here'!$A:$A,'Paste Here'!W:W),0) -> 6.4 | Y26: =IFERROR(_xlfn.XLOOKUP($B26,'Paste Here'!$A:$A,'Paste Here'!X:X),0) -> 6.4 | Z26: =IFERROR(_xlfn.XLOOKUP($B26,'Paste Here'!$A:$A,'Paste Here'!Y:Y),0) -> 6.4 | AA26: =IFERROR(_xlfn.XLOOKUP($B26,'Paste Here'!$A:$A,'Paste Here'!Z:Z),0) -> 6.4 | AB26: =IFERROR(_xlfn.XLOOKUP($B26,'Paste Here'!$A:$A,'Paste Here'!AA:AA),0) -> 6.4 | AC26: =IFERROR(_xlfn.XLOOKUP($B26,'Paste Here'!$A:$A,'Paste Here'!AB:AB),0) -> 6.4 | AD26: =IFERROR(_xlfn.XLOOKUP($B26,'Paste Here'!$A:$A,'Paste Here'!AC:AC),0) -> 6.4 | AE26: =IFERROR(_xlfn.XLOOKUP($B26,'Paste Here'!$A:$A,'Paste Here'!AD:AD),0) -> 6.4 | AF26: =IFERROR(_xlfn.XLOOKUP($B26,'Paste Here'!$A:$A,'Paste Here'!AE:AE),0) -> 6.4 | AG26: =IFERROR(_xlfn.XLOOKUP($B26,'Paste Here'!$A:$A,'Paste Here'!AF:AF),0) -> 6.4 | AH26: =IFERROR(_xlfn.XLOOKUP($B26,'Paste Here'!$A:$A,'Paste Here'!AG:AG),0) -> 6.4
B27: Transit OL/m3 | C27: =IFERROR(_xlfn.XLOOKUP($B27,'Paste Here'!$A:$A,'Paste Here'!B:B),0) -> 1.2349012 | D27: =IFERROR(_xlfn.XLOOKUP($B27,'Paste Here'!$A:$A,'Paste Here'!C:C),0) -> 1.2801382 | E27: =IFERROR(_xlfn.XLOOKUP($B27,'Paste Here'!$A:$A,'Paste Here'!D:D),0) -> 1.2980656 | F27: =IFERROR(_xlfn.XLOOKUP($B27,'Paste Here'!$A:$A,'Paste Here'!E:E),0) -> 1.3016428 | G27: =IFERROR(_xlfn.XLOOKUP($B27,'Paste Here'!$A:$A,'Paste Here'!F:F),0) -> 1.2190541 | H27: =IFERROR(_xlfn.XLOOKUP($B27,'Paste Here'!$A:$A,'Paste Here'!G:G),0) -> 1.2002937 | I27: =IFERROR(_xlfn.XLOOKUP($B27,'Paste Here'!$A:$A,'Paste Here'!H:H),0) -> 1.26 | J27: =IFERROR(_xlfn.XLOOKUP($B27,'Paste Here'!$A:$A,'Paste Here'!I:I),0) -> 1.26 | K27: =IFERROR(_xlfn.XLOOKUP($B27,'Paste Here'!$A:$A,'Paste Here'!J:J),0) -> 1.26 | L27: =IFERROR(_xlfn.XLOOKUP($B27,'Paste Here'!$A:$A,'Paste Here'!K:K),0) -> 1.26 | M27: =IFERROR(_xlfn.XLOOKUP($B27,'Paste Here'!$A:$A,'Paste Here'!L:L),0) -> 1.26 | N27: =IFERROR(_xlfn.XLOOKUP($B27,'Paste Here'!$A:$A,'Paste Here'!M:M),0) -> 1.26 | O27: =IFERROR(_xlfn.XLOOKUP($B27,'Paste Here'!$A:$A,'Paste Here'!N:N),0) -> 1.26 | P27: =IFERROR(_xlfn.XLOOKUP($B27,'Paste Here'!$A:$A,'Paste Here'!O:O),0) -> 1.26 | Q27: =IFERROR(_xlfn.XLOOKUP($B27,'Paste Here'!$A:$A,'Paste Here'!P:P),0) -> 1.26 | R27: =IFERROR(_xlfn.XLOOKUP($B27,'Paste Here'!$A:$A,'Paste Here'!Q:Q),0) -> 1.26 | S27: =IFERROR(_xlfn.XLOOKUP($B27,'Paste Here'!$A:$A,'Paste Here'!R:R),0) -> 1.26 | T27: =IFERROR(_xlfn.XLOOKUP($B27,'Paste Here'!$A:$A,'Paste Here'!S:S),0) -> 1.26 | U27: =IFERROR(_xlfn.XLOOKUP($B27,'Paste Here'!$A:$A,'Paste Here'!T:T),0) -> 1.26 | V27: =IFERROR(_xlfn.XLOOKUP($B27,'Paste Here'!$A:$A,'Paste Here'!U:U),0) -> 1.26 | W27: =IFERROR(_xlfn.XLOOKUP($B27,'Paste Here'!$A:$A,'Paste Here'!V:V),0) -> 1.26 | X27: =IFERROR(_xlfn.XLOOKUP($B27,'Paste Here'!$A:$A,'Paste Here'!W:W),0) -> 1.26 | Y27: =IFERROR(_xlfn.XLOOKUP($B27,'Paste Here'!$A:$A,'Paste Here'!X:X),0) -> 1.26 | Z27: =IFERROR(_xlfn.XLOOKUP($B27,'Paste Here'!$A:$A,'Paste Here'!Y:Y),0) -> 1.26 | AA27: =IFERROR(_xlfn.XLOOKUP($B27,'Paste Here'!$A:$A,'Paste Here'!Z:Z),0) -> 1.26 | AB27: =IFERROR(_xlfn.XLOOKUP($B27,'Paste Here'!$A:$A,'Paste Here'!AA:AA),0) -> 1.26 | AC27: =IFERROR(_xlfn.XLOOKUP($B27,'Paste Here'!$A:$A,'Paste Here'!AB:AB),0) -> 1.26 | AD27: =IFERROR(_xlfn.XLOOKUP($B27,'Paste Here'!$A:$A,'Paste Here'!AC:AC),0) -> 1.26 | AE27: =IFERROR(_xlfn.XLOOKUP($B27,'Paste Here'!$A:$A,'Paste Here'!AD:AD),0) -> 1.26 | AF27: =IFERROR(_xlfn.XLOOKUP($B27,'Paste Here'!$A:$A,'Paste Here'!AE:AE),0) -> 1.26 | AG27: =IFERROR(_xlfn.XLOOKUP($B27,'Paste Here'!$A:$A,'Paste Here'!AF:AF),0) -> 1.26 | AH27: =IFERROR(_xlfn.XLOOKUP($B27,'Paste Here'!$A:$A,'Paste Here'!AG:AG),0) -> 1.26
B28: Full Pallet OL/m3 | C28: =IFERROR(_xlfn.XLOOKUP($B28,'Paste Here'!$A:$A,'Paste Here'!B:B),0) -> 1.454709 | D28: =IFERROR(_xlfn.XLOOKUP($B28,'Paste Here'!$A:$A,'Paste Here'!C:C),0) -> 1.4901622 | E28: =IFERROR(_xlfn.XLOOKUP($B28,'Paste Here'!$A:$A,'Paste Here'!D:D),0) -> 1.490488 | F28: =IFERROR(_xlfn.XLOOKUP($B28,'Paste Here'!$A:$A,'Paste Here'!E:E),0) -> 1.4848733 | G28: =IFERROR(_xlfn.XLOOKUP($B28,'Paste Here'!$A:$A,'Paste Here'!F:F),0) -> 1.5097408 | H28: =IFERROR(_xlfn.XLOOKUP($B28,'Paste Here'!$A:$A,'Paste Here'!G:G),0) -> 1.5594611 | I28: =IFERROR(_xlfn.XLOOKUP($B28,'Paste Here'!$A:$A,'Paste Here'!H:H),0) -> 1.5 | J28: =IFERROR(_xlfn.XLOOKUP($B28,'Paste Here'!$A:$A,'Paste Here'!I:I),0) -> 1.5 | K28: =IFERROR(_xlfn.XLOOKUP($B28,'Paste Here'!$A:$A,'Paste Here'!J:J),0) -> 1.5 | L28: =IFERROR(_xlfn.XLOOKUP($B28,'Paste Here'!$A:$A,'Paste Here'!K:K),0) -> 1.5 | M28: =IFERROR(_xlfn.XLOOKUP($B28,'Paste Here'!$A:$A,'Paste Here'!L:L),0) -> 1.5 | N28: =IFERROR(_xlfn.XLOOKUP($B28,'Paste Here'!$A:$A,'Paste Here'!M:M),0) -> 1.5 | O28: =IFERROR(_xlfn.XLOOKUP($B28,'Paste Here'!$A:$A,'Paste Here'!N:N),0) -> 1.5 | P28: =IFERROR(_xlfn.XLOOKUP($B28,'Paste Here'!$A:$A,'Paste Here'!O:O),0) -> 1.5 | Q28: =IFERROR(_xlfn.XLOOKUP($B28,'Paste Here'!$A:$A,'Paste Here'!P:P),0) -> 1.5 | R28: =IFERROR(_xlfn.XLOOKUP($B28,'Paste Here'!$A:$A,'Paste Here'!Q:Q),0) -> 1.5 | S28: =IFERROR(_xlfn.XLOOKUP($B28,'Paste Here'!$A:$A,'Paste Here'!R:R),0) -> 1.5 | T28: =IFERROR(_xlfn.XLOOKUP($B28,'Paste Here'!$A:$A,'Paste Here'!S:S),0) -> 1.5 | U28: =IFERROR(_xlfn.XLOOKUP($B28,'Paste Here'!$A:$A,'Paste Here'!T:T),0) -> 1.5 | V28: =IFERROR(_xlfn.XLOOKUP($B28,'Paste Here'!$A:$A,'Paste Here'!U:U),0) -> 1.5 | W28: =IFERROR(_xlfn.XLOOKUP($B28,'Paste Here'!$A:$A,'Paste Here'!V:V),0) -> 1.5 | X28: =IFERROR(_xlfn.XLOOKUP($B28,'Paste Here'!$A:$A,'Paste Here'!W:W),0) -> 1.5 | Y28: =IFERROR(_xlfn.XLOOKUP($B28,'Paste Here'!$A:$A,'Paste Here'!X:X),0) -> 1.5 | Z28: =IFERROR(_xlfn.XLOOKUP($B28,'Paste Here'!$A:$A,'Paste Here'!Y:Y),0) -> 1.5 | AA28: =IFERROR(_xlfn.XLOOKUP($B28,'Paste Here'!$A:$A,'Paste Here'!Z:Z),0) -> 1.5 | AB28: =IFERROR(_xlfn.XLOOKUP($B28,'Paste Here'!$A:$A,'Paste Here'!AA:AA),0) -> 1.5 | AC28: =IFERROR(_xlfn.XLOOKUP($B28,'Paste Here'!$A:$A,'Paste Here'!AB:AB),0) -> 1.5 | AD28: =IFERROR(_xlfn.XLOOKUP($B28,'Paste Here'!$A:$A,'Paste Here'!AC:AC),0) -> 1.5 | AE28: =IFERROR(_xlfn.XLOOKUP($B28,'Paste Here'!$A:$A,'Paste Here'!AD:AD),0) -> 1.5 | AF28: =IFERROR(_xlfn.XLOOKUP($B28,'Paste Here'!$A:$A,'Paste Here'!AE:AE),0) -> 1.5 | AG28: =IFERROR(_xlfn.XLOOKUP($B28,'Paste Here'!$A:$A,'Paste Here'!AF:AF),0) -> 1.5 | AH28: =IFERROR(_xlfn.XLOOKUP($B28,'Paste Here'!$A:$A,'Paste Here'!AG:AG),0) -> 1.5
A29: TOTAL HANDLING (que corrected) | B29: Picking OL | C29: =IFERROR(_xlfn.XLOOKUP($B29,'Paste Here'!$A:$A,'Paste Here'!B:B),0) -> 5457 | D29: =IFERROR(_xlfn.XLOOKUP($B29,'Paste Here'!$A:$A,'Paste Here'!C:C),0) -> 5175 | E29: =IFERROR(_xlfn.XLOOKUP($B29,'Paste Here'!$A:$A,'Paste Here'!D:D),0) -> 6473 | F29: =IFERROR(_xlfn.XLOOKUP($B29,'Paste Here'!$A:$A,'Paste Here'!E:E),0) -> 5062 | G29: =IFERROR(_xlfn.XLOOKUP($B29,'Paste Here'!$A:$A,'Paste Here'!F:F),0) -> 6614 | H29: =IFERROR(_xlfn.XLOOKUP($B29,'Paste Here'!$A:$A,'Paste Here'!G:G),0) -> 5094 | I29: =IFERROR(_xlfn.XLOOKUP($B29,'Paste Here'!$A:$A,'Paste Here'!H:H),0) -> 7033.0416 | J29: =IFERROR(_xlfn.XLOOKUP($B29,'Paste Here'!$A:$A,'Paste Here'!I:I),0) -> 5860.2586 | K29: =IFERROR(_xlfn.XLOOKUP($B29,'Paste Here'!$A:$A,'Paste Here'!J:J),0) -> 5491.9488 | L29: =IFERROR(_xlfn.XLOOKUP($B29,'Paste Here'!$A:$A,'Paste Here'!K:K),0) -> 5529.8422 | M29: =IFERROR(_xlfn.XLOOKUP($B29,'Paste Here'!$A:$A,'Paste Here'!L:L),0) -> 5472.9293 | N29: =IFERROR(_xlfn.XLOOKUP($B29,'Paste Here'!$A:$A,'Paste Here'!M:M),0) -> 5441.1718 | O29: =IFERROR(_xlfn.XLOOKUP($B29,'Paste Here'!$A:$A,'Paste Here'!N:N),0) -> 5910.6778 | P29: =IFERROR(_xlfn.XLOOKUP($B29,'Paste Here'!$A:$A,'Paste Here'!O:O),0) -> 5755.1603 | Q29: =IFERROR(_xlfn.XLOOKUP($B29,'Paste Here'!$A:$A,'Paste Here'!P:P),0) -> 5662.8707 | R29: =IFERROR(_xlfn.XLOOKUP($B29,'Paste Here'!$A:$A,'Paste Here'!Q:Q),0) -> 5547.8218 | S29: =IFERROR(_xlfn.XLOOKUP($B29,'Paste Here'!$A:$A,'Paste Here'!R:R),0) -> 5574.1712 | T29: =IFERROR(_xlfn.XLOOKUP($B29,'Paste Here'!$A:$A,'Paste Here'!S:S),0) -> 6453.6576 | U29: =IFERROR(_xlfn.XLOOKUP($B29,'Paste Here'!$A:$A,'Paste Here'!T:T),0) -> 5572.1286 | V29: =IFERROR(_xlfn.XLOOKUP($B29,'Paste Here'!$A:$A,'Paste Here'!U:U),0) -> 4560.4458 | W29: =IFERROR(_xlfn.XLOOKUP($B29,'Paste Here'!$A:$A,'Paste Here'!V:V),0) -> 4217.1667 | X29: =IFERROR(_xlfn.XLOOKUP($B29,'Paste Here'!$A:$A,'Paste Here'!W:W),0) -> 4897.5472 | Y29: =IFERROR(_xlfn.XLOOKUP($B29,'Paste Here'!$A:$A,'Paste Here'!X:X),0) -> 5955.6349 | Z29: =IFERROR(_xlfn.XLOOKUP($B29,'Paste Here'!$A:$A,'Paste Here'!Y:Y),0) -> 6121.7104 | AA29: =IFERROR(_xlfn.XLOOKUP($B29,'Paste Here'!$A:$A,'Paste Here'!Z:Z),0) -> 5862.351 | AB29: =IFERROR(_xlfn.XLOOKUP($B29,'Paste Here'!$A:$A,'Paste Here'!AA:AA),0) -> 5196.5805 | AC29: =IFERROR(_xlfn.XLOOKUP($B29,'Paste Here'!$A:$A,'Paste Here'!AB:AB),0) -> 5257.8739 | AD29: =IFERROR(_xlfn.XLOOKUP($B29,'Paste Here'!$A:$A,'Paste Here'!AC:AC),0) -> 5184.2336 | AE29: =IFERROR(_xlfn.XLOOKUP($B29,'Paste Here'!$A:$A,'Paste Here'!AD:AD),0) -> 5251.9917 | AF29: =IFERROR(_xlfn.XLOOKUP($B29,'Paste Here'!$A:$A,'Paste Here'!AE:AE),0) -> 5370.7264 | AG29: =IFERROR(_xlfn.XLOOKUP($B29,'Paste Here'!$A:$A,'Paste Here'!AF:AF),0) -> 6508.3574 | AH29: =IFERROR(_xlfn.XLOOKUP($B29,'Paste Here'!$A:$A,'Paste Here'!AG:AG),0) -> 5129.28
B30: Transit OL | C30: =IFERROR(_xlfn.XLOOKUP($B30,'Paste Here'!$A:$A,'Paste Here'!B:B),0) -> 8416 | D30: =IFERROR(_xlfn.XLOOKUP($B30,'Paste Here'!$A:$A,'Paste Here'!C:C),0) -> 9785 | E30: =IFERROR(_xlfn.XLOOKUP($B30,'Paste Here'!$A:$A,'Paste Here'!D:D),0) -> 10684 | F30: =IFERROR(_xlfn.XLOOKUP($B30,'Paste Here'!$A:$A,'Paste Here'!E:E),0) -> 9741 | G30: =IFERROR(_xlfn.XLOOKUP($B30,'Paste Here'!$A:$A,'Paste Here'!F:F),0) -> 9535 | H30: =IFERROR(_xlfn.XLOOKUP($B30,'Paste Here'!$A:$A,'Paste Here'!G:G),0) -> 9308 | I30: =IFERROR(_xlfn.XLOOKUP($B30,'Paste Here'!$A:$A,'Paste Here'!H:H),0) -> 14087.804 | J30: =IFERROR(_xlfn.XLOOKUP($B30,'Paste Here'!$A:$A,'Paste Here'!I:I),0) -> 10548.484 | K30: =IFERROR(_xlfn.XLOOKUP($B30,'Paste Here'!$A:$A,'Paste Here'!J:J),0) -> 12748.184 | L30: =IFERROR(_xlfn.XLOOKUP($B30,'Paste Here'!$A:$A,'Paste Here'!K:K),0) -> 10923.993 | M30: =IFERROR(_xlfn.XLOOKUP($B30,'Paste Here'!$A:$A,'Paste Here'!L:L),0) -> 10407.671 | N30: =IFERROR(_xlfn.XLOOKUP($B30,'Paste Here'!$A:$A,'Paste Here'!M:M),0) -> 11986.922 | O30: =IFERROR(_xlfn.XLOOKUP($B30,'Paste Here'!$A:$A,'Paste Here'!N:N),0) -> 12768.638 | P30: =IFERROR(_xlfn.XLOOKUP($B30,'Paste Here'!$A:$A,'Paste Here'!O:O),0) -> 12024.81 | Q30: =IFERROR(_xlfn.XLOOKUP($B30,'Paste Here'!$A:$A,'Paste Here'!P:P),0) -> 12341.7 | R30: =IFERROR(_xlfn.XLOOKUP($B30,'Paste Here'!$A:$A,'Paste Here'!Q:Q),0) -> 12305.941 | S30: =IFERROR(_xlfn.XLOOKUP($B30,'Paste Here'!$A:$A,'Paste Here'!R:R),0) -> 11795.276 | T30: =IFERROR(_xlfn.XLOOKUP($B30,'Paste Here'!$A:$A,'Paste Here'!S:S),0) -> 11968.992 | U30: =IFERROR(_xlfn.XLOOKUP($B30,'Paste Here'!$A:$A,'Paste Here'!T:T),0) -> 11355.498 | V30: =IFERROR(_xlfn.XLOOKUP($B30,'Paste Here'!$A:$A,'Paste Here'!U:U),0) -> 9815.3118 | W30: =IFERROR(_xlfn.XLOOKUP($B30,'Paste Here'!$A:$A,'Paste Here'!V:V),0) -> 9938.817 | X30: =IFERROR(_xlfn.XLOOKUP($B30,'Paste Here'!$A:$A,'Paste Here'!W:W),0) -> 11679.835 | Y30: =IFERROR(_xlfn.XLOOKUP($B30,'Paste Here'!$A:$A,'Paste Here'!X:X),0) -> 11615.234 | Z30: =IFERROR(_xlfn.XLOOKUP($B30,'Paste Here'!$A:$A,'Paste Here'!Y:Y),0) -> 11483.527 | AA30: =IFERROR(_xlfn.XLOOKUP($B30,'Paste Here'!$A:$A,'Paste Here'!Z:Z),0) -> 7104.4596 | AB30: =IFERROR(_xlfn.XLOOKUP($B30,'Paste Here'!$A:$A,'Paste Here'!AA:AA),0) -> 8568.441 | AC30: =IFERROR(_xlfn.XLOOKUP($B30,'Paste Here'!$A:$A,'Paste Here'!AB:AB),0) -> 10220.036 | AD30: =IFERROR(_xlfn.XLOOKUP($B30,'Paste Here'!$A:$A,'Paste Here'!AC:AC),0) -> 10665.22 | AE30: =IFERROR(_xlfn.XLOOKUP($B30,'Paste Here'!$A:$A,'Paste Here'!AD:AD),0) -> 10886.614 | AF30: =IFERROR(_xlfn.XLOOKUP($B30,'Paste Here'!$A:$A,'Paste Here'!AE:AE),0) -> 11025.655 | AG30: =IFERROR(_xlfn.XLOOKUP($B30,'Paste Here'!$A:$A,'Paste Here'!AF:AF),0) -> 11839.124 | AH30: =IFERROR(_xlfn.XLOOKUP($B30,'Paste Here'!$A:$A,'Paste Here'!AG:AG),0) -> 10344.587
B31: Full Pallet OL | C31: =IFERROR(_xlfn.XLOOKUP($B31,'Paste Here'!$A:$A,'Paste Here'!B:B),0) -> 19100 | D31: =IFERROR(_xlfn.XLOOKUP($B31,'Paste Here'!$A:$A,'Paste Here'!C:C),0) -> 19458 | E31: =IFERROR(_xlfn.XLOOKUP($B31,'Paste Here'!$A:$A,'Paste Here'!D:D),0) -> 16515 | F31: =IFERROR(_xlfn.XLOOKUP($B31,'Paste Here'!$A:$A,'Paste Here'!E:E),0) -> 18202 | G31: =IFERROR(_xlfn.XLOOKUP($B31,'Paste Here'!$A:$A,'Paste Here'!F:F),0) -> 20741 | H31: =IFERROR(_xlfn.XLOOKUP($B31,'Paste Here'!$A:$A,'Paste Here'!G:G),0) -> 20806 | I31: =IFERROR(_xlfn.XLOOKUP($B31,'Paste Here'!$A:$A,'Paste Here'!H:H),0) -> 23711.156 | J31: =IFERROR(_xlfn.XLOOKUP($B31,'Paste Here'!$A:$A,'Paste Here'!I:I),0) -> 19757.242 | K31: =IFERROR(_xlfn.XLOOKUP($B31,'Paste Here'!$A:$A,'Paste Here'!J:J),0) -> 18515.525 | L31: =IFERROR(_xlfn.XLOOKUP($B31,'Paste Here'!$A:$A,'Paste Here'!K:K),0) -> 18643.278 | M31: =IFERROR(_xlfn.XLOOKUP($B31,'Paste Here'!$A:$A,'Paste Here'!L:L),0) -> 18451.402 | N31: =IFERROR(_xlfn.XLOOKUP($B31,'Paste Here'!$A:$A,'Paste Here'!M:M),0) -> 18344.335 | O31: =IFERROR(_xlfn.XLOOKUP($B31,'Paste Here'!$A:$A,'Paste Here'!N:N),0) -> 19927.225 | P31: =IFERROR(_xlfn.XLOOKUP($B31,'Paste Here'!$A:$A,'Paste Here'!O:O),0) -> 19402.914 | Q31: =IFERROR(_xlfn.XLOOKUP($B31,'Paste Here'!$A:$A,'Paste Here'!P:P),0) -> 19091.77 | R31: =IFERROR(_xlfn.XLOOKUP($B31,'Paste Here'!$A:$A,'Paste Here'!Q:Q),0) -> 18703.894 | S31: =IFERROR(_xlfn.XLOOKUP($B31,'Paste Here'!$A:$A,'Paste Here'!R:R),0) -> 18792.729 | T31: =IFERROR(_xlfn.XLOOKUP($B31,'Paste Here'!$A:$A,'Paste Here'!S:S),0) -> 21757.824 | U31: =IFERROR(_xlfn.XLOOKUP($B31,'Paste Here'!$A:$A,'Paste Here'!T:T),0) -> 18785.842 | V31: =IFERROR(_xlfn.XLOOKUP($B31,'Paste Here'!$A:$A,'Paste Here'!U:U),0) -> 15375.061 | W31: =IFERROR(_xlfn.XLOOKUP($B31,'Paste Here'!$A:$A,'Paste Here'!V:V),0) -> 14217.732 | X31: =IFERROR(_xlfn.XLOOKUP($B31,'Paste Here'!$A:$A,'Paste Here'!W:W),0) -> 16511.562 | Y31: =IFERROR(_xlfn.XLOOKUP($B31,'Paste Here'!$A:$A,'Paste Here'!X:X),0) -> 20078.793 | Z31: =IFERROR(_xlfn.XLOOKUP($B31,'Paste Here'!$A:$A,'Paste Here'!Y:Y),0) -> 20638.699 | AA31: =IFERROR(_xlfn.XLOOKUP($B31,'Paste Here'!$A:$A,'Paste Here'!Z:Z),0) -> 19764.296 | AB31: =IFERROR(_xlfn.XLOOKUP($B31,'Paste Here'!$A:$A,'Paste Here'!AA:AA),0) -> 17519.721 | AC31: =IFERROR(_xlfn.XLOOKUP($B31,'Paste Here'!$A:$A,'Paste Here'!AB:AB),0) -> 17726.366 | AD31: =IFERROR(_xlfn.XLOOKUP($B31,'Paste Here'!$A:$A,'Paste Here'!AC:AC),0) -> 17478.095 | AE31: =IFERROR(_xlfn.XLOOKUP($B31,'Paste Here'!$A:$A,'Paste Here'!AD:AD),0) -> 17706.534 | AF31: =IFERROR(_xlfn.XLOOKUP($B31,'Paste Here'!$A:$A,'Paste Here'!AE:AE),0) -> 18106.836 | AG31: =IFERROR(_xlfn.XLOOKUP($B31,'Paste Here'!$A:$A,'Paste Here'!AF:AF),0) -> 21942.239 | AH31: =IFERROR(_xlfn.XLOOKUP($B31,'Paste Here'!$A:$A,'Paste Here'!AG:AG),0) -> 17292.825
B32: Total OL | C32: =IFERROR(_xlfn.XLOOKUP($B32,'Paste Here'!$A:$A,'Paste Here'!B:B),0) -> 32973 | D32: =IFERROR(_xlfn.XLOOKUP($B32,'Paste Here'!$A:$A,'Paste Here'!C:C),0) -> 34418 | E32: =IFERROR(_xlfn.XLOOKUP($B32,'Paste Here'!$A:$A,'Paste Here'!D:D),0) -> 33672 | F32: =IFERROR(_xlfn.XLOOKUP($B32,'Paste Here'!$A:$A,'Paste Here'!E:E),0) -> 33005 | G32: =IFERROR(_xlfn.XLOOKUP($B32,'Paste Here'!$A:$A,'Paste Here'!F:F),0) -> 36890 | H32: =IFERROR(_xlfn.XLOOKUP($B32,'Paste Here'!$A:$A,'Paste Here'!G:G),0) -> 35208 | I32: =IFERROR(_xlfn.XLOOKUP($B32,'Paste Here'!$A:$A,'Paste Here'!H:H),0) -> 44832.002 | J32: =IFERROR(_xlfn.XLOOKUP($B32,'Paste Here'!$A:$A,'Paste Here'!I:I),0) -> 36165.985 | K32: =IFERROR(_xlfn.XLOOKUP($B32,'Paste Here'!$A:$A,'Paste Here'!J:J),0) -> 36755.657 | L32: =IFERROR(_xlfn.XLOOKUP($B32,'Paste Here'!$A:$A,'Paste Here'!K:K),0) -> 35097.114 | M32: =IFERROR(_xlfn.XLOOKUP($B32,'Paste Here'!$A:$A,'Paste Here'!L:L),0) -> 34332.002 | N32: =IFERROR(_xlfn.XLOOKUP($B32,'Paste Here'!$A:$A,'Paste Here'!M:M),0) -> 35772.429 | O32: =IFERROR(_xlfn.XLOOKUP($B32,'Paste Here'!$A:$A,'Paste Here'!N:N),0) -> 38606.541 | P32: =IFERROR(_xlfn.XLOOKUP($B32,'Paste Here'!$A:$A,'Paste Here'!O:O),0) -> 37182.885 | Q32: =IFERROR(_xlfn.XLOOKUP($B32,'Paste Here'!$A:$A,'Paste Here'!P:P),0) -> 37096.34 | R32: =IFERROR(_xlfn.XLOOKUP($B32,'Paste Here'!$A:$A,'Paste Here'!Q:Q),0) -> 36557.657 | S32: =IFERROR(_xlfn.XLOOKUP($B32,'Paste Here'!$A:$A,'Paste Here'!R:R),0) -> 36162.176 | T32: =IFERROR(_xlfn.XLOOKUP($B32,'Paste Here'!$A:$A,'Paste Here'!S:S),0) -> 40180.474 | U32: =IFERROR(_xlfn.XLOOKUP($B32,'Paste Here'!$A:$A,'Paste Here'!T:T),0) -> 35713.469 | V32: =IFERROR(_xlfn.XLOOKUP($B32,'Paste Here'!$A:$A,'Paste Here'!U:U),0) -> 29750.818 | W32: =IFERROR(_xlfn.XLOOKUP($B32,'Paste Here'!$A:$A,'Paste Here'!V:V),0) -> 28373.715 | X32: =IFERROR(_xlfn.XLOOKUP($B32,'Paste Here'!$A:$A,'Paste Here'!W:W),0) -> 33088.944 | Y32: =IFERROR(_xlfn.XLOOKUP($B32,'Paste Here'!$A:$A,'Paste Here'!X:X),0) -> 37649.662 | Z32: =IFERROR(_xlfn.XLOOKUP($B32,'Paste Here'!$A:$A,'Paste Here'!Y:Y),0) -> 38243.936 | AA32: =IFERROR(_xlfn.XLOOKUP($B32,'Paste Here'!$A:$A,'Paste Here'!Z:Z),0) -> 32731.107 | AB32: =IFERROR(_xlfn.XLOOKUP($B32,'Paste Here'!$A:$A,'Paste Here'!AA:AA),0) -> 31284.743 | AC32: =IFERROR(_xlfn.XLOOKUP($B32,'Paste Here'!$A:$A,'Paste Here'!AB:AB),0) -> 33204.276 | AD32: =IFERROR(_xlfn.XLOOKUP($B32,'Paste Here'!$A:$A,'Paste Here'!AC:AC),0) -> 33327.548 | AE32: =IFERROR(_xlfn.XLOOKUP($B32,'Paste Here'!$A:$A,'Paste Here'!AD:AD),0) -> 33845.14 | AF32: =IFERROR(_xlfn.XLOOKUP($B32,'Paste Here'!$A:$A,'Paste Here'!AE:AE),0) -> 34503.218 | AG32: =IFERROR(_xlfn.XLOOKUP($B32,'Paste Here'!$A:$A,'Paste Here'!AF:AF),0) -> 40289.72 | AH32: =IFERROR(_xlfn.XLOOKUP($B32,'Paste Here'!$A:$A,'Paste Here'!AG:AG),0) -> 32766.692
A33: Container queue (Top m3) | B33: - | C33: =IFERROR(_xlfn.XLOOKUP($B33,'Paste Here'!$A:$A,'Paste Here'!B:B),0) -> 0 | D33: =IFERROR(_xlfn.XLOOKUP($B33,'Paste Here'!$A:$A,'Paste Here'!C:C),0) -> 0 | E33: =IFERROR(_xlfn.XLOOKUP($B33,'Paste Here'!$A:$A,'Paste Here'!D:D),0) -> 0 | F33: =IFERROR(_xlfn.XLOOKUP($B33,'Paste Here'!$A:$A,'Paste Here'!E:E),0) -> 0 | G33: =IFERROR(_xlfn.XLOOKUP($B33,'Paste Here'!$A:$A,'Paste Here'!F:F),0) -> 0 | H33: =IFERROR(_xlfn.XLOOKUP($B33,'Paste Here'!$A:$A,'Paste Here'!G:G),0) -> 0 | I33: =IFERROR(_xlfn.XLOOKUP($B33,'Paste Here'!$A:$A,'Paste Here'!H:H),0) -> 0 | J33: =IFERROR(_xlfn.XLOOKUP($B33,'Paste Here'!$A:$A,'Paste Here'!I:I),0) -> 0 | K33: =IFERROR(_xlfn.XLOOKUP($B33,'Paste Here'!$A:$A,'Paste Here'!J:J),0) -> 0 | L33: =IFERROR(_xlfn.XLOOKUP($B33,'Paste Here'!$A:$A,'Paste Here'!K:K),0) -> 0 | M33: =IFERROR(_xlfn.XLOOKUP($B33,'Paste Here'!$A:$A,'Paste Here'!L:L),0) -> 0 | N33: =IFERROR(_xlfn.XLOOKUP($B33,'Paste Here'!$A:$A,'Paste Here'!M:M),0) -> 0 | O33: =IFERROR(_xlfn.XLOOKUP($B33,'Paste Here'!$A:$A,'Paste Here'!N:N),0) -> 0 | P33: =IFERROR(_xlfn.XLOOKUP($B33,'Paste Here'!$A:$A,'Paste Here'!O:O),0) -> 0 | Q33: =IFERROR(_xlfn.XLOOKUP($B33,'Paste Here'!$A:$A,'Paste Here'!P:P),0) -> 0 | R33: =IFERROR(_xlfn.XLOOKUP($B33,'Paste Here'!$A:$A,'Paste Here'!Q:Q),0) -> 0 | S33: =IFERROR(_xlfn.XLOOKUP($B33,'Paste Here'!$A:$A,'Paste Here'!R:R),0) -> 0 | T33: =IFERROR(_xlfn.XLOOKUP($B33,'Paste Here'!$A:$A,'Paste Here'!S:S),0) -> 0 | U33: =IFERROR(_xlfn.XLOOKUP($B33,'Paste Here'!$A:$A,'Paste Here'!T:T),0) -> 0 | V33: =IFERROR(_xlfn.XLOOKUP($B33,'Paste Here'!$A:$A,'Paste Here'!U:U),0) -> 0 | W33: =IFERROR(_xlfn.XLOOKUP($B33,'Paste Here'!$A:$A,'Paste Here'!V:V),0) -> 0 | X33: =IFERROR(_xlfn.XLOOKUP($B33,'Paste Here'!$A:$A,'Paste Here'!W:W),0) -> 0 | Y33: =IFERROR(_xlfn.XLOOKUP($B33,'Paste Here'!$A:$A,'Paste Here'!X:X),0) -> 0 | Z33: =IFERROR(_xlfn.XLOOKUP($B33,'Paste Here'!$A:$A,'Paste Here'!Y:Y),0) -> 0 | AA33: =IFERROR(_xlfn.XLOOKUP($B33,'Paste Here'!$A:$A,'Paste Here'!Z:Z),0) -> 0 | AB33: =IFERROR(_xlfn.XLOOKUP($B33,'Paste Here'!$A:$A,'Paste Here'!AA:AA),0) -> 0 | AC33: =IFERROR(_xlfn.XLOOKUP($B33,'Paste Here'!$A:$A,'Paste Here'!AB:AB),0) -> 0 | AD33: =IFERROR(_xlfn.XLOOKUP($B33,'Paste Here'!$A:$A,'Paste Here'!AC:AC),0) -> 0 | AE33: =IFERROR(_xlfn.XLOOKUP($B33,'Paste Here'!$A:$A,'Paste Here'!AD:AD),0) -> 0 | AF33: =IFERROR(_xlfn.XLOOKUP($B33,'Paste Here'!$A:$A,'Paste Here'!AE:AE),0) -> 0 | AG33: =IFERROR(_xlfn.XLOOKUP($B33,'Paste Here'!$A:$A,'Paste Here'!AF:AF),0) -> 0 | AH33: =IFERROR(_xlfn.XLOOKUP($B33,'Paste Here'!$A:$A,'Paste Here'!AG:AG),0) -> 0
A34: Stock in house (incl. external) | B34: Total Handling (before Queue Correction) | C34: =IFERROR(_xlfn.XLOOKUP($B34,'Paste Here'!$A:$A,'Paste Here'!B:B),0) -> 39879.25 | D34: =IFERROR(_xlfn.XLOOKUP($B34,'Paste Here'!$A:$A,'Paste Here'!C:C),0) -> 41276.864 | E34: =IFERROR(_xlfn.XLOOKUP($B34,'Paste Here'!$A:$A,'Paste Here'!D:D),0) -> 38992.243 | F34: =IFERROR(_xlfn.XLOOKUP($B34,'Paste Here'!$A:$A,'Paste Here'!E:E),0) -> 38396.424 | G34: =IFERROR(_xlfn.XLOOKUP($B34,'Paste Here'!$A:$A,'Paste Here'!F:F),0) -> 41724.777 | H34: =IFERROR(_xlfn.XLOOKUP($B34,'Paste Here'!$A:$A,'Paste Here'!G:G),0) -> 39591.123 | I34: =IFERROR(_xlfn.XLOOKUP($B34,'Paste Here'!$A:$A,'Paste Here'!H:H),0) -> 53945.615 | J34: =IFERROR(_xlfn.XLOOKUP($B34,'Paste Here'!$A:$A,'Paste Here'!I:I),0) -> 46179.844 | K34: =IFERROR(_xlfn.XLOOKUP($B34,'Paste Here'!$A:$A,'Paste Here'!J:J),0) -> 47790.126 | L34: =IFERROR(_xlfn.XLOOKUP($B34,'Paste Here'!$A:$A,'Paste Here'!K:K),0) -> 45611.026 | M34: =IFERROR(_xlfn.XLOOKUP($B34,'Paste Here'!$A:$A,'Paste Here'!L:L),0) -> 45072.149 | N34: =IFERROR(_xlfn.XLOOKUP($B34,'Paste Here'!$A:$A,'Paste Here'!M:M),0) -> 47405.685 | O34: =IFERROR(_xlfn.XLOOKUP($B34,'Paste Here'!$A:$A,'Paste Here'!N:N),0) -> 47666.005 | P34: =IFERROR(_xlfn.XLOOKUP($B34,'Paste Here'!$A:$A,'Paste Here'!O:O),0) -> 46167.61 | Q34: =IFERROR(_xlfn.XLOOKUP($B34,'Paste Here'!$A:$A,'Paste Here'!P:P),0) -> 44473.103 | R34: =IFERROR(_xlfn.XLOOKUP($B34,'Paste Here'!$A:$A,'Paste Here'!Q:Q),0) -> 46217.343 | S34: =IFERROR(_xlfn.XLOOKUP($B34,'Paste Here'!$A:$A,'Paste Here'!R:R),0) -> 41679.817 | T34: =IFERROR(_xlfn.XLOOKUP($B34,'Paste Here'!$A:$A,'Paste Here'!S:S),0) -> 43517.608 | U34: =IFERROR(_xlfn.XLOOKUP($B34,'Paste Here'!$A:$A,'Paste Here'!T:T),0) -> 41879.09 | V34: =IFERROR(_xlfn.XLOOKUP($B34,'Paste Here'!$A:$A,'Paste Here'!U:U),0) -> 38958.096 | W34: =IFERROR(_xlfn.XLOOKUP($B34,'Paste Here'!$A:$A,'Paste Here'!V:V),0) -> 37934.461 | X34: =IFERROR(_xlfn.XLOOKUP($B34,'Paste Here'!$A:$A,'Paste Here'!W:W),0) -> 42726.133 | Y34: =IFERROR(_xlfn.XLOOKUP($B34,'Paste Here'!$A:$A,'Paste Here'!X:X),0) -> 45575.906 | Z34: =IFERROR(_xlfn.XLOOKUP($B34,'Paste Here'!$A:$A,'Paste Here'!Y:Y),0) -> 46218.618 | AA34: =IFERROR(_xlfn.XLOOKUP($B34,'Paste Here'!$A:$A,'Paste Here'!Z:Z),0) -> 36660.234 | AB34: =IFERROR(_xlfn.XLOOKUP($B34,'Paste Here'!$A:$A,'Paste Here'!AA:AA),0) -> 36682.037 | AC34: =IFERROR(_xlfn.XLOOKUP($B34,'Paste Here'!$A:$A,'Paste Here'!AB:AB),0) -> 40592.637 | AD34: =IFERROR(_xlfn.XLOOKUP($B34,'Paste Here'!$A:$A,'Paste Here'!AC:AC),0) -> 43396.43 | AE34: =IFERROR(_xlfn.XLOOKUP($B34,'Paste Here'!$A:$A,'Paste Here'!AD:AD),0) -> 43425.067 | AF34: =IFERROR(_xlfn.XLOOKUP($B34,'Paste Here'!$A:$A,'Paste Here'!AE:AE),0) -> 43024.993 | AG34: =IFERROR(_xlfn.XLOOKUP($B34,'Paste Here'!$A:$A,'Paste Here'!AF:AF),0) -> 47851.764 | AH34: =IFERROR(_xlfn.XLOOKUP($B34,'Paste Here'!$A:$A,'Paste Here'!AG:AG),0) -> 41054.577
B35: Total Handling (Queue Corrected) | C35: =IFERROR(_xlfn.XLOOKUP($B35,'Paste Here'!$A:$A,'Paste Here'!B:B),0) -> 44895.25 | D35: =IFERROR(_xlfn.XLOOKUP($B35,'Paste Here'!$A:$A,'Paste Here'!C:C),0) -> 38654.864 | E35: =IFERROR(_xlfn.XLOOKUP($B35,'Paste Here'!$A:$A,'Paste Here'!D:D),0) -> 39220.243 | F35: =IFERROR(_xlfn.XLOOKUP($B35,'Paste Here'!$A:$A,'Paste Here'!E:E),0) -> 45977.424 | G35: =IFERROR(_xlfn.XLOOKUP($B35,'Paste Here'!$A:$A,'Paste Here'!F:F),0) -> 45315.777 | H35: =IFERROR(_xlfn.XLOOKUP($B35,'Paste Here'!$A:$A,'Paste Here'!G:G),0) -> 40617.123 | I35: =IFERROR(_xlfn.XLOOKUP($B35,'Paste Here'!$A:$A,'Paste Here'!H:H),0) -> 49964.575 | J35: =IFERROR(_xlfn.XLOOKUP($B35,'Paste Here'!$A:$A,'Paste Here'!I:I),0) -> 43422.198 | K35: =IFERROR(_xlfn.XLOOKUP($B35,'Paste Here'!$A:$A,'Paste Here'!J:J),0) -> 43253.435 | L35: =IFERROR(_xlfn.XLOOKUP($B35,'Paste Here'!$A:$A,'Paste Here'!K:K),0) -> 42191.393 | M35: =IFERROR(_xlfn.XLOOKUP($B35,'Paste Here'!$A:$A,'Paste Here'!L:L),0) -> 42398.279 | N35: =IFERROR(_xlfn.XLOOKUP($B35,'Paste Here'!$A:$A,'Paste Here'!M:M),0) -> 44558.773 | O35: =IFERROR(_xlfn.XLOOKUP($B35,'Paste Here'!$A:$A,'Paste Here'!N:N),0) -> 45195.797 | P35: =IFERROR(_xlfn.XLOOKUP($B35,'Paste Here'!$A:$A,'Paste Here'!O:O),0) -> 46167.61 | Q35: =IFERROR(_xlfn.XLOOKUP($B35,'Paste Here'!$A:$A,'Paste Here'!P:P),0) -> 44473.103 | R35: =IFERROR(_xlfn.XLOOKUP($B35,'Paste Here'!$A:$A,'Paste Here'!Q:Q),0) -> 46217.343 | S35: =IFERROR(_xlfn.XLOOKUP($B35,'Paste Here'!$A:$A,'Paste Here'!R:R),0) -> 41679.817 | T35: =IFERROR(_xlfn.XLOOKUP($B35,'Paste Here'!$A:$A,'Paste Here'!S:S),0) -> 43517.608 | U35: =IFERROR(_xlfn.XLOOKUP($B35,'Paste Here'!$A:$A,'Paste Here'!T:T),0) -> 41879.09 | V35: =IFERROR(_xlfn.XLOOKUP($B35,'Paste Here'!$A:$A,'Paste Here'!U:U),0) -> 38958.096 | W35: =IFERROR(_xlfn.XLOOKUP($B35,'Paste Here'!$A:$A,'Paste Here'!V:V),0) -> 37934.461 | X35: =IFERROR(_xlfn.XLOOKUP($B35,'Paste Here'!$A:$A,'Paste Here'!W:W),0) -> 42726.133 | Y35: =IFERROR(_xlfn.XLOOKUP($B35,'Paste Here'!$A:$A,'Paste Here'!X:X),0) -> 45575.906 | Z35: =IFERROR(_xlfn.XLOOKUP($B35,'Paste Here'!$A:$A,'Paste Here'!Y:Y),0) -> 46218.618 | AA35: =IFERROR(_xlfn.XLOOKUP($B35,'Paste Here'!$A:$A,'Paste Here'!Z:Z),0) -> 36660.234 | AB35: =IFERROR(_xlfn.XLOOKUP($B35,'Paste Here'!$A:$A,'Paste Here'!AA:AA),0) -> 36682.037 | AC35: =IFERROR(_xlfn.XLOOKUP($B35,'Paste Here'!$A:$A,'Paste Here'!AB:AB),0) -> 40592.637 | AD35: =IFERROR(_xlfn.XLOOKUP($B35,'Paste Here'!$A:$A,'Paste Here'!AC:AC),0) -> 43396.43 | AE35: =IFERROR(_xlfn.XLOOKUP($B35,'Paste Here'!$A:$A,'Paste Here'!AD:AD),0) -> 43425.067 | AF35: =IFERROR(_xlfn.XLOOKUP($B35,'Paste Here'!$A:$A,'Paste Here'!AE:AE),0) -> 43024.993 | AG35: =IFERROR(_xlfn.XLOOKUP($B35,'Paste Here'!$A:$A,'Paste Here'!AF:AF),0) -> 47851.764 | AH35: =IFERROR(_xlfn.XLOOKUP($B35,'Paste Here'!$A:$A,'Paste Here'!AG:AG),0) -> 41054.577
B36: - | C36: =IFERROR(_xlfn.XLOOKUP($B36,'Paste Here'!$A:$A,'Paste Here'!B:B),0) -> 0 | D36: =IFERROR(_xlfn.XLOOKUP($B36,'Paste Here'!$A:$A,'Paste Here'!C:C),0) -> 0 | E36: =IFERROR(_xlfn.XLOOKUP($B36,'Paste Here'!$A:$A,'Paste Here'!D:D),0) -> 0 | F36: =IFERROR(_xlfn.XLOOKUP($B36,'Paste Here'!$A:$A,'Paste Here'!E:E),0) -> 0 | G36: =IFERROR(_xlfn.XLOOKUP($B36,'Paste Here'!$A:$A,'Paste Here'!F:F),0) -> 0 | H36: =IFERROR(_xlfn.XLOOKUP($B36,'Paste Here'!$A:$A,'Paste Here'!G:G),0) -> 0 | I36: =IFERROR(_xlfn.XLOOKUP($B36,'Paste Here'!$A:$A,'Paste Here'!H:H),0) -> 0 | J36: =IFERROR(_xlfn.XLOOKUP($B36,'Paste Here'!$A:$A,'Paste Here'!I:I),0) -> 0 | K36: =IFERROR(_xlfn.XLOOKUP($B36,'Paste Here'!$A:$A,'Paste Here'!J:J),0) -> 0 | L36: =IFERROR(_xlfn.XLOOKUP($B36,'Paste Here'!$A:$A,'Paste Here'!K:K),0) -> 0 | M36: =IFERROR(_xlfn.XLOOKUP($B36,'Paste Here'!$A:$A,'Paste Here'!L:L),0) -> 0 | N36: =IFERROR(_xlfn.XLOOKUP($B36,'Paste Here'!$A:$A,'Paste Here'!M:M),0) -> 0 | O36: =IFERROR(_xlfn.XLOOKUP($B36,'Paste Here'!$A:$A,'Paste Here'!N:N),0) -> 0 | P36: =IFERROR(_xlfn.XLOOKUP($B36,'Paste Here'!$A:$A,'Paste Here'!O:O),0) -> 0 | Q36: =IFERROR(_xlfn.XLOOKUP($B36,'Paste Here'!$A:$A,'Paste Here'!P:P),0) -> 0 | R36: =IFERROR(_xlfn.XLOOKUP($B36,'Paste Here'!$A:$A,'Paste Here'!Q:Q),0) -> 0 | S36: =IFERROR(_xlfn.XLOOKUP($B36,'Paste Here'!$A:$A,'Paste Here'!R:R),0) -> 0 | T36: =IFERROR(_xlfn.XLOOKUP($B36,'Paste Here'!$A:$A,'Paste Here'!S:S),0) -> 0 | U36: =IFERROR(_xlfn.XLOOKUP($B36,'Paste Here'!$A:$A,'Paste Here'!T:T),0) -> 0 | V36: =IFERROR(_xlfn.XLOOKUP($B36,'Paste Here'!$A:$A,'Paste Here'!U:U),0) -> 0 | W36: =IFERROR(_xlfn.XLOOKUP($B36,'Paste Here'!$A:$A,'Paste Here'!V:V),0) -> 0 | X36: =IFERROR(_xlfn.XLOOKUP($B36,'Paste Here'!$A:$A,'Paste Here'!W:W),0) -> 0 | Y36: =IFERROR(_xlfn.XLOOKUP($B36,'Paste Here'!$A:$A,'Paste Here'!X:X),0) -> 0 | Z36: =IFERROR(_xlfn.XLOOKUP($B36,'Paste Here'!$A:$A,'Paste Here'!Y:Y),0) -> 0 | AA36: =IFERROR(_xlfn.XLOOKUP($B36,'Paste Here'!$A:$A,'Paste Here'!Z:Z),0) -> 0 | AB36: =IFERROR(_xlfn.XLOOKUP($B36,'Paste Here'!$A:$A,'Paste Here'!AA:AA),0) -> 0 | AC36: =IFERROR(_xlfn.XLOOKUP($B36,'Paste Here'!$A:$A,'Paste Here'!AB:AB),0) -> 0 | AD36: =IFERROR(_xlfn.XLOOKUP($B36,'Paste Here'!$A:$A,'Paste Here'!AC:AC),0) -> 0 | AE36: =IFERROR(_xlfn.XLOOKUP($B36,'Paste Here'!$A:$A,'Paste Here'!AD:AD),0) -> 0 | AF36: =IFERROR(_xlfn.XLOOKUP($B36,'Paste Here'!$A:$A,'Paste Here'!AE:AE),0) -> 0 | AG36: =IFERROR(_xlfn.XLOOKUP($B36,'Paste Here'!$A:$A,'Paste Here'!AF:AF),0) -> 0 | AH36: =IFERROR(_xlfn.XLOOKUP($B36,'Paste Here'!$A:$A,'Paste Here'!AG:AG),0) -> 0
A37: Storage capacity (Main Building) | B37: Total Upside Handling Capacity | C37: =IFERROR(_xlfn.XLOOKUP($B37,'Paste Here'!$A:$A,'Paste Here'!B:B),0) -> 62559.994 | D37: =IFERROR(_xlfn.XLOOKUP($B37,'Paste Here'!$A:$A,'Paste Here'!C:C),0) -> 62559.994 | E37: =IFERROR(_xlfn.XLOOKUP($B37,'Paste Here'!$A:$A,'Paste Here'!D:D),0) -> 62559.994 | F37: =IFERROR(_xlfn.XLOOKUP($B37,'Paste Here'!$A:$A,'Paste Here'!E:E),0) -> 62559.994 | G37: =IFERROR(_xlfn.XLOOKUP($B37,'Paste Here'!$A:$A,'Paste Here'!F:F),0) -> 62559.994 | H37: =IFERROR(_xlfn.XLOOKUP($B37,'Paste Here'!$A:$A,'Paste Here'!G:G),0) -> 62559.994 | I37: =IFERROR(_xlfn.XLOOKUP($B37,'Paste Here'!$A:$A,'Paste Here'!H:H),0) -> 62559.994 | J37: =IFERROR(_xlfn.XLOOKUP($B37,'Paste Here'!$A:$A,'Paste Here'!I:I),0) -> 62559.994 | K37: =IFERROR(_xlfn.XLOOKUP($B37,'Paste Here'!$A:$A,'Paste Here'!J:J),0) -> 62559.994 | L37: =IFERROR(_xlfn.XLOOKUP($B37,'Paste Here'!$A:$A,'Paste Here'!K:K),0) -> 62559.994 | M37: =IFERROR(_xlfn.XLOOKUP($B37,'Paste Here'!$A:$A,'Paste Here'!L:L),0) -> 62559.994 | N37: =IFERROR(_xlfn.XLOOKUP($B37,'Paste Here'!$A:$A,'Paste Here'!M:M),0) -> 62559.994 | O37: =IFERROR(_xlfn.XLOOKUP($B37,'Paste Here'!$A:$A,'Paste Here'!N:N),0) -> 62559.994 | P37: =IFERROR(_xlfn.XLOOKUP($B37,'Paste Here'!$A:$A,'Paste Here'!O:O),0) -> 62559.994 | Q37: =IFERROR(_xlfn.XLOOKUP($B37,'Paste Here'!$A:$A,'Paste Here'!P:P),0) -> 62559.994 | R37: =IFERROR(_xlfn.XLOOKUP($B37,'Paste Here'!$A:$A,'Paste Here'!Q:Q),0) -> 62559.994 | S37: =IFERROR(_xlfn.XLOOKUP($B37,'Paste Here'!$A:$A,'Paste Here'!R:R),0) -> 62559.994 | T37: =IFERROR(_xlfn.XLOOKUP($B37,'Paste Here'!$A:$A,'Paste Here'!S:S),0) -> 62559.994 | U37: =IFERROR(_xlfn.XLOOKUP($B37,'Paste Here'!$A:$A,'Paste Here'!T:T),0) -> 62559.994 | V37: =IFERROR(_xlfn.XLOOKUP($B37,'Paste Here'!$A:$A,'Paste Here'!U:U),0) -> 62559.994 | W37: =IFERROR(_xlfn.XLOOKUP($B37,'Paste Here'!$A:$A,'Paste Here'!V:V),0) -> 62559.994 | X37: =IFERROR(_xlfn.XLOOKUP($B37,'Paste Here'!$A:$A,'Paste Here'!W:W),0) -> 62559.994 | Y37: =IFERROR(_xlfn.XLOOKUP($B37,'Paste Here'!$A:$A,'Paste Here'!X:X),0) -> 62559.994 | Z37: =IFERROR(_xlfn.XLOOKUP($B37,'Paste Here'!$A:$A,'Paste Here'!Y:Y),0) -> 62559.994 | AA37: =IFERROR(_xlfn.XLOOKUP($B37,'Paste Here'!$A:$A,'Paste Here'!Z:Z),0) -> 62559.994 | AB37: =IFERROR(_xlfn.XLOOKUP($B37,'Paste Here'!$A:$A,'Paste Here'!AA:AA),0) -> 62559.994 | AC37: =IFERROR(_xlfn.XLOOKUP($B37,'Paste Here'!$A:$A,'Paste Here'!AB:AB),0) -> 62559.994 | AD37: =IFERROR(_xlfn.XLOOKUP($B37,'Paste Here'!$A:$A,'Paste Here'!AC:AC),0) -> 62559.994 | AE37: =IFERROR(_xlfn.XLOOKUP($B37,'Paste Here'!$A:$A,'Paste Here'!AD:AD),0) -> 62559.994 | AF37: =IFERROR(_xlfn.XLOOKUP($B37,'Paste Here'!$A:$A,'Paste Here'!AE:AE),0) -> 62559.994 | AG37: =IFERROR(_xlfn.XLOOKUP($B37,'Paste Here'!$A:$A,'Paste Here'!AF:AF),0) -> 62559.994 | AH37: =IFERROR(_xlfn.XLOOKUP($B37,'Paste Here'!$A:$A,'Paste Here'!AG:AG),0) -> 62559.994
A38: Storage utilization | B38: - | C38: =IFERROR(_xlfn.XLOOKUP($B38,'Paste Here'!$A:$A,'Paste Here'!B:B),0) -> 0 | D38: =IFERROR(_xlfn.XLOOKUP($B38,'Paste Here'!$A:$A,'Paste Here'!C:C),0) -> 0 | E38: =IFERROR(_xlfn.XLOOKUP($B38,'Paste Here'!$A:$A,'Paste Here'!D:D),0) -> 0 | F38: =IFERROR(_xlfn.XLOOKUP($B38,'Paste Here'!$A:$A,'Paste Here'!E:E),0) -> 0 | G38: =IFERROR(_xlfn.XLOOKUP($B38,'Paste Here'!$A:$A,'Paste Here'!F:F),0) -> 0 | H38: =IFERROR(_xlfn.XLOOKUP($B38,'Paste Here'!$A:$A,'Paste Here'!G:G),0) -> 0 | I38: =IFERROR(_xlfn.XLOOKUP($B38,'Paste Here'!$A:$A,'Paste Here'!H:H),0) -> 0 | J38: =IFERROR(_xlfn.XLOOKUP($B38,'Paste Here'!$A:$A,'Paste Here'!I:I),0) -> 0 | K38: =IFERROR(_xlfn.XLOOKUP($B38,'Paste Here'!$A:$A,'Paste Here'!J:J),0) -> 0 | L38: =IFERROR(_xlfn.XLOOKUP($B38,'Paste Here'!$A:$A,'Paste Here'!K:K),0) -> 0 | M38: =IFERROR(_xlfn.XLOOKUP($B38,'Paste Here'!$A:$A,'Paste Here'!L:L),0) -> 0 | N38: =IFERROR(_xlfn.XLOOKUP($B38,'Paste Here'!$A:$A,'Paste Here'!M:M),0) -> 0 | O38: =IFERROR(_xlfn.XLOOKUP($B38,'Paste Here'!$A:$A,'Paste Here'!N:N),0) -> 0 | P38: =IFERROR(_xlfn.XLOOKUP($B38,'Paste Here'!$A:$A,'Paste Here'!O:O),0) -> 0 | Q38: =IFERROR(_xlfn.XLOOKUP($B38,'Paste Here'!$A:$A,'Paste Here'!P:P),0) -> 0 | R38: =IFERROR(_xlfn.XLOOKUP($B38,'Paste Here'!$A:$A,'Paste Here'!Q:Q),0) -> 0 | S38: =IFERROR(_xlfn.XLOOKUP($B38,'Paste Here'!$A:$A,'Paste Here'!R:R),0) -> 0 | T38: =IFERROR(_xlfn.XLOOKUP($B38,'Paste Here'!$A:$A,'Paste Here'!S:S),0) -> 0 | U38: =IFERROR(_xlfn.XLOOKUP($B38,'Paste Here'!$A:$A,'Paste Here'!T:T),0) -> 0 | V38: =IFERROR(_xlfn.XLOOKUP($B38,'Paste Here'!$A:$A,'Paste Here'!U:U),0) -> 0 | W38: =IFERROR(_xlfn.XLOOKUP($B38,'Paste Here'!$A:$A,'Paste Here'!V:V),0) -> 0 | X38: =IFERROR(_xlfn.XLOOKUP($B38,'Paste Here'!$A:$A,'Paste Here'!W:W),0) -> 0 | Y38: =IFERROR(_xlfn.XLOOKUP($B38,'Paste Here'!$A:$A,'Paste Here'!X:X),0) -> 0 | Z38: =IFERROR(_xlfn.XLOOKUP($B38,'Paste Here'!$A:$A,'Paste Here'!Y:Y),0) -> 0 | AA38: =IFERROR(_xlfn.XLOOKUP($B38,'Paste Here'!$A:$A,'Paste Here'!Z:Z),0) -> 0 | AB38: =IFERROR(_xlfn.XLOOKUP($B38,'Paste Here'!$A:$A,'Paste Here'!AA:AA),0) -> 0 | AC38: =IFERROR(_xlfn.XLOOKUP($B38,'Paste Here'!$A:$A,'Paste Here'!AB:AB),0) -> 0 | AD38: =IFERROR(_xlfn.XLOOKUP($B38,'Paste Here'!$A:$A,'Paste Here'!AC:AC),0) -> 0 | AE38: =IFERROR(_xlfn.XLOOKUP($B38,'Paste Here'!$A:$A,'Paste Here'!AD:AD),0) -> 0 | AF38: =IFERROR(_xlfn.XLOOKUP($B38,'Paste Here'!$A:$A,'Paste Here'!AE:AE),0) -> 0 | AG38: =IFERROR(_xlfn.XLOOKUP($B38,'Paste Here'!$A:$A,'Paste Here'!AF:AF),0) -> 0 | AH38: =IFERROR(_xlfn.XLOOKUP($B38,'Paste Here'!$A:$A,'Paste Here'!AG:AG),0) -> 0
A39: External Stock | B39: Total Upside Handling Capacity Utilization % | C39: =IFERROR(_xlfn.XLOOKUP($B39,'Paste Here'!$A:$A,'Paste Here'!B:B),0) -> 0.6374561 | D39: =IFERROR(_xlfn.XLOOKUP($B39,'Paste Here'!$A:$A,'Paste Here'!C:C),0) -> 0.65979648 | E39: =IFERROR(_xlfn.XLOOKUP($B39,'Paste Here'!$A:$A,'Paste Here'!D:D),0) -> 0.6232776 | F39: =IFERROR(_xlfn.XLOOKUP($B39,'Paste Here'!$A:$A,'Paste Here'!E:E),0) -> 0.61375364 | G39: =IFERROR(_xlfn.XLOOKUP($B39,'Paste Here'!$A:$A,'Paste Here'!F:F),0) -> 0.66695622 | H39: =IFERROR(_xlfn.XLOOKUP($B39,'Paste Here'!$A:$A,'Paste Here'!G:G),0) -> 0.63285049 | I39: =IFERROR(_xlfn.XLOOKUP($B39,'Paste Here'!$A:$A,'Paste Here'!H:H),0) -> 0.86230212 | J39: =IFERROR(_xlfn.XLOOKUP($B39,'Paste Here'!$A:$A,'Paste Here'!I:I),0) -> 0.73816893 | K39: =IFERROR(_xlfn.XLOOKUP($B39,'Paste Here'!$A:$A,'Paste Here'!J:J),0) -> 0.76390874 | L39: =IFERROR(_xlfn.XLOOKUP($B39,'Paste Here'!$A:$A,'Paste Here'!K:K),0) -> 0.72907658 | M39: =IFERROR(_xlfn.XLOOKUP($B39,'Paste Here'!$A:$A,'Paste Here'!L:L),0) -> 0.72046281 | N39: =IFERROR(_xlfn.XLOOKUP($B39,'Paste Here'!$A:$A,'Paste Here'!M:M),0) -> 0.75776358 | O39: =IFERROR(_xlfn.XLOOKUP($B39,'Paste Here'!$A:$A,'Paste Here'!N:N),0) -> 0.76192471 | P39: =IFERROR(_xlfn.XLOOKUP($B39,'Paste Here'!$A:$A,'Paste Here'!O:O),0) -> 0.73797338 | Q39: =IFERROR(_xlfn.XLOOKUP($B39,'Paste Here'!$A:$A,'Paste Here'!P:P),0) -> 0.71088727 | R39: =IFERROR(_xlfn.XLOOKUP($B39,'Paste Here'!$A:$A,'Paste Here'!Q:Q),0) -> 0.73876833 | S39: =IFERROR(_xlfn.XLOOKUP($B39,'Paste Here'!$A:$A,'Paste Here'!R:R),0) -> 0.66623755 | T39: =IFERROR(_xlfn.XLOOKUP($B39,'Paste Here'!$A:$A,'Paste Here'!S:S),0) -> 0.69561401 | U39: =IFERROR(_xlfn.XLOOKUP($B39,'Paste Here'!$A:$A,'Paste Here'!T:T),0) -> 0.66942287 | V39: =IFERROR(_xlfn.XLOOKUP($B39,'Paste Here'!$A:$A,'Paste Here'!U:U),0) -> 0.62273178 | W39: =IFERROR(_xlfn.XLOOKUP($B39,'Paste Here'!$A:$A,'Paste Here'!V:V),0) -> 0.60636932 | X39: =IFERROR(_xlfn.XLOOKUP($B39,'Paste Here'!$A:$A,'Paste Here'!W:W),0) -> 0.68296255 | Y39: =IFERROR(_xlfn.XLOOKUP($B39,'Paste Here'!$A:$A,'Paste Here'!X:X),0) -> 0.7285152 | Z39: =IFERROR(_xlfn.XLOOKUP($B39,'Paste Here'!$A:$A,'Paste Here'!Y:Y),0) -> 0.73878872 | AA39: =IFERROR(_xlfn.XLOOKUP($B39,'Paste Here'!$A:$A,'Paste Here'!Z:Z),0) -> 0.58600125 | AB39: =IFERROR(_xlfn.XLOOKUP($B39,'Paste Here'!$A:$A,'Paste Here'!AA:AA),0) -> 0.58634975 | AC39: =IFERROR(_xlfn.XLOOKUP($B39,'Paste Here'!$A:$A,'Paste Here'!AB:AB),0) -> 0.64885935 | AD39: =IFERROR(_xlfn.XLOOKUP($B39,'Paste Here'!$A:$A,'Paste Here'!AC:AC),0) -> 0.69367702 | AE39: =IFERROR(_xlfn.XLOOKUP($B39,'Paste Here'!$A:$A,'Paste Here'!AD:AD),0) -> 0.69413476 | AF39: =IFERROR(_xlfn.XLOOKUP($B39,'Paste Here'!$A:$A,'Paste Here'!AE:AE),0) -> 0.68773973 | AG39: =IFERROR(_xlfn.XLOOKUP($B39,'Paste Here'!$A:$A,'Paste Here'!AF:AF),0) -> 0.76489399 | AH39: =IFERROR(_xlfn.XLOOKUP($B39,'Paste Here'!$A:$A,'Paste Here'!AG:AG),0) -> 0.6562433
A40: External Capacity | B40: Total Upside Handling Capacity Utilization % (Queue Corrected) | C40: =IFERROR(_xlfn.XLOOKUP($B40,'Paste Here'!$A:$A,'Paste Here'!B:B),0) -> 0.71763514 | D40: =IFERROR(_xlfn.XLOOKUP($B40,'Paste Here'!$A:$A,'Paste Here'!C:C),0) -> 0.61788471 | E40: =IFERROR(_xlfn.XLOOKUP($B40,'Paste Here'!$A:$A,'Paste Here'!D:D),0) -> 0.6269221 | F40: =IFERROR(_xlfn.XLOOKUP($B40,'Paste Here'!$A:$A,'Paste Here'!E:E),0) -> 0.73493332 | G40: =IFERROR(_xlfn.XLOOKUP($B40,'Paste Here'!$A:$A,'Paste Here'!F:F),0) -> 0.72435712 | H40: =IFERROR(_xlfn.XLOOKUP($B40,'Paste Here'!$A:$A,'Paste Here'!G:G),0) -> 0.64925075 | I40: =IFERROR(_xlfn.XLOOKUP($B40,'Paste Here'!$A:$A,'Paste Here'!H:H),0) -> 0.79866656 | J40: =IFERROR(_xlfn.XLOOKUP($B40,'Paste Here'!$A:$A,'Paste Here'!I:I),0) -> 0.69408891 | K40: =IFERROR(_xlfn.XLOOKUP($B40,'Paste Here'!$A:$A,'Paste Here'!J:J),0) -> 0.69139129 | L40: =IFERROR(_xlfn.XLOOKUP($B40,'Paste Here'!$A:$A,'Paste Here'!K:K),0) -> 0.67441491 | M40: =IFERROR(_xlfn.XLOOKUP($B40,'Paste Here'!$A:$A,'Paste Here'!L:L),0) -> 0.67772191 | N40: =IFERROR(_xlfn.XLOOKUP($B40,'Paste Here'!$A:$A,'Paste Here'!M:M),0) -> 0.71225667 | O40: =IFERROR(_xlfn.XLOOKUP($B40,'Paste Here'!$A:$A,'Paste Here'!N:N),0) -> 0.72243929 | P40: =IFERROR(_xlfn.XLOOKUP($B40,'Paste Here'!$A:$A,'Paste Here'!O:O),0) -> 0.73797338 | Q40: =IFERROR(_xlfn.XLOOKUP($B40,'Paste Here'!$A:$A,'Paste Here'!P:P),0) -> 0.71088727 | R40: =IFERROR(_xlfn.XLOOKUP($B40,'Paste Here'!$A:$A,'Paste Here'!Q:Q),0) -> 0.73876833 | S40: =IFERROR(_xlfn.XLOOKUP($B40,'Paste Here'!$A:$A,'Paste Here'!R:R),0) -> 0.66623755 | T40: =IFERROR(_xlfn.XLOOKUP($B40,'Paste Here'!$A:$A,'Paste Here'!S:S),0) -> 0.69561401 | U40: =IFERROR(_xlfn.XLOOKUP($B40,'Paste Here'!$A:$A,'Paste Here'!T:T),0) -> 0.66942287 | V40: =IFERROR(_xlfn.XLOOKUP($B40,'Paste Here'!$A:$A,'Paste Here'!U:U),0) -> 0.62273178 | W40: =IFERROR(_xlfn.XLOOKUP($B40,'Paste Here'!$A:$A,'Paste Here'!V:V),0) -> 0.60636932 | X40: =IFERROR(_xlfn.XLOOKUP($B40,'Paste Here'!$A:$A,'Paste Here'!W:W),0) -> 0.68296255 | Y40: =IFERROR(_xlfn.XLOOKUP($B40,'Paste Here'!$A:$A,'Paste Here'!X:X),0) -> 0.7285152 | Z40: =IFERROR(_xlfn.XLOOKUP($B40,'Paste Here'!$A:$A,'Paste Here'!Y:Y),0) -> 0.73878872 | AA40: =IFERROR(_xlfn.XLOOKUP($B40,'Paste Here'!$A:$A,'Paste Here'!Z:Z),0) -> 0.58600125 | AB40: =IFERROR(_xlfn.XLOOKUP($B40,'Paste Here'!$A:$A,'Paste Here'!AA:AA),0) -> 0.58634975 | AC40: =IFERROR(_xlfn.XLOOKUP($B40,'Paste Here'!$A:$A,'Paste Here'!AB:AB),0) -> 0.64885935 | AD40: =IFERROR(_xlfn.XLOOKUP($B40,'Paste Here'!$A:$A,'Paste Here'!AC:AC),0) -> 0.69367702 | AE40: =IFERROR(_xlfn.XLOOKUP($B40,'Paste Here'!$A:$A,'Paste Here'!AD:AD),0) -> 0.69413476 | AF40: =IFERROR(_xlfn.XLOOKUP($B40,'Paste Here'!$A:$A,'Paste Here'!AE:AE),0) -> 0.68773973 | AG40: =IFERROR(_xlfn.XLOOKUP($B40,'Paste Here'!$A:$A,'Paste Here'!AF:AF),0) -> 0.76489399 | AH40: =IFERROR(_xlfn.XLOOKUP($B40,'Paste Here'!$A:$A,'Paste Here'!AG:AG),0) -> 0.6562433
B41: - | C41: =IFERROR(_xlfn.XLOOKUP($B41,'Paste Here'!$A:$A,'Paste Here'!B:B),0) -> 0 | D41: =IFERROR(_xlfn.XLOOKUP($B41,'Paste Here'!$A:$A,'Paste Here'!C:C),0) -> 0 | E41: =IFERROR(_xlfn.XLOOKUP($B41,'Paste Here'!$A:$A,'Paste Here'!D:D),0) -> 0 | F41: =IFERROR(_xlfn.XLOOKUP($B41,'Paste Here'!$A:$A,'Paste Here'!E:E),0) -> 0 | G41: =IFERROR(_xlfn.XLOOKUP($B41,'Paste Here'!$A:$A,'Paste Here'!F:F),0) -> 0 | H41: =IFERROR(_xlfn.XLOOKUP($B41,'Paste Here'!$A:$A,'Paste Here'!G:G),0) -> 0 | I41: =IFERROR(_xlfn.XLOOKUP($B41,'Paste Here'!$A:$A,'Paste Here'!H:H),0) -> 0 | J41: =IFERROR(_xlfn.XLOOKUP($B41,'Paste Here'!$A:$A,'Paste Here'!I:I),0) -> 0 | K41: =IFERROR(_xlfn.XLOOKUP($B41,'Paste Here'!$A:$A,'Paste Here'!J:J),0) -> 0 | L41: =IFERROR(_xlfn.XLOOKUP($B41,'Paste Here'!$A:$A,'Paste Here'!K:K),0) -> 0 | M41: =IFERROR(_xlfn.XLOOKUP($B41,'Paste Here'!$A:$A,'Paste Here'!L:L),0) -> 0 | N41: =IFERROR(_xlfn.XLOOKUP($B41,'Paste Here'!$A:$A,'Paste Here'!M:M),0) -> 0 | O41: =IFERROR(_xlfn.XLOOKUP($B41,'Paste Here'!$A:$A,'Paste Here'!N:N),0) -> 0 | P41: =IFERROR(_xlfn.XLOOKUP($B41,'Paste Here'!$A:$A,'Paste Here'!O:O),0) -> 0 | Q41: =IFERROR(_xlfn.XLOOKUP($B41,'Paste Here'!$A:$A,'Paste Here'!P:P),0) -> 0 | R41: =IFERROR(_xlfn.XLOOKUP($B41,'Paste Here'!$A:$A,'Paste Here'!Q:Q),0) -> 0 | S41: =IFERROR(_xlfn.XLOOKUP($B41,'Paste Here'!$A:$A,'Paste Here'!R:R),0) -> 0 | T41: =IFERROR(_xlfn.XLOOKUP($B41,'Paste Here'!$A:$A,'Paste Here'!S:S),0) -> 0 | U41: =IFERROR(_xlfn.XLOOKUP($B41,'Paste Here'!$A:$A,'Paste Here'!T:T),0) -> 0 | V41: =IFERROR(_xlfn.XLOOKUP($B41,'Paste Here'!$A:$A,'Paste Here'!U:U),0) -> 0 | W41: =IFERROR(_xlfn.XLOOKUP($B41,'Paste Here'!$A:$A,'Paste Here'!V:V),0) -> 0 | X41: =IFERROR(_xlfn.XLOOKUP($B41,'Paste Here'!$A:$A,'Paste Here'!W:W),0) -> 0 | Y41: =IFERROR(_xlfn.XLOOKUP($B41,'Paste Here'!$A:$A,'Paste Here'!X:X),0) -> 0 | Z41: =IFERROR(_xlfn.XLOOKUP($B41,'Paste Here'!$A:$A,'Paste Here'!Y:Y),0) -> 0 | AA41: =IFERROR(_xlfn.XLOOKUP($B41,'Paste Here'!$A:$A,'Paste Here'!Z:Z),0) -> 0 | AB41: =IFERROR(_xlfn.XLOOKUP($B41,'Paste Here'!$A:$A,'Paste Here'!AA:AA),0) -> 0 | AC41: =IFERROR(_xlfn.XLOOKUP($B41,'Paste Here'!$A:$A,'Paste Here'!AB:AB),0) -> 0 | AD41: =IFERROR(_xlfn.XLOOKUP($B41,'Paste Here'!$A:$A,'Paste Here'!AC:AC),0) -> 0 | AE41: =IFERROR(_xlfn.XLOOKUP($B41,'Paste Here'!$A:$A,'Paste Here'!AD:AD),0) -> 0 | AF41: =IFERROR(_xlfn.XLOOKUP($B41,'Paste Here'!$A:$A,'Paste Here'!AE:AE),0) -> 0 | AG41: =IFERROR(_xlfn.XLOOKUP($B41,'Paste Here'!$A:$A,'Paste Here'!AF:AF),0) -> 0 | AH41: =IFERROR(_xlfn.XLOOKUP($B41,'Paste Here'!$A:$A,'Paste Here'!AG:AG),0) -> 0
A42: Total DC Storage Capacity (incl. external) | B42: Stock in DC + Ext. Storage | C42: =IFERROR(_xlfn.XLOOKUP($B42,'Paste Here'!$A:$A,'Paste Here'!B:B),0) -> 125185 | D42: =IFERROR(_xlfn.XLOOKUP($B42,'Paste Here'!$A:$A,'Paste Here'!C:C),0) -> 122834 | E42: =IFERROR(_xlfn.XLOOKUP($B42,'Paste Here'!$A:$A,'Paste Here'!D:D),0) -> 121419 | F42: =IFERROR(_xlfn.XLOOKUP($B42,'Paste Here'!$A:$A,'Paste Here'!E:E),0) -> 118919 | G42: =IFERROR(_xlfn.XLOOKUP($B42,'Paste Here'!$A:$A,'Paste Here'!F:F),0) -> 113098 | H42: =IFERROR(_xlfn.XLOOKUP($B42,'Paste Here'!$A:$A,'Paste Here'!G:G),0) -> 110329 | I42: =IFERROR(_xlfn.XLOOKUP($B42,'Paste Here'!$A:$A,'Paste Here'!H:H),0) -> 108095.05 | J42: =IFERROR(_xlfn.XLOOKUP($B42,'Paste Here'!$A:$A,'Paste Here'!I:I),0) -> 109356.95 | K42: =IFERROR(_xlfn.XLOOKUP($B42,'Paste Here'!$A:$A,'Paste Here'!J:J),0) -> 110508.26 | L42: =IFERROR(_xlfn.XLOOKUP($B42,'Paste Here'!$A:$A,'Paste Here'!K:K),0) -> 112193.84 | M42: =IFERROR(_xlfn.XLOOKUP($B42,'Paste Here'!$A:$A,'Paste Here'!L:L),0) -> 114433.71 | N42: =IFERROR(_xlfn.XLOOKUP($B42,'Paste Here'!$A:$A,'Paste Here'!M:M),0) -> 116653.06 | O42: =IFERROR(_xlfn.XLOOKUP($B42,'Paste Here'!$A:$A,'Paste Here'!N:N),0) -> 115634.66 | P42: =IFERROR(_xlfn.XLOOKUP($B42,'Paste Here'!$A:$A,'Paste Here'!O:O),0) -> 115046.23 | Q42: =IFERROR(_xlfn.XLOOKUP($B42,'Paste Here'!$A:$A,'Paste Here'!P:P),0) -> 112704 | R42: =IFERROR(_xlfn.XLOOKUP($B42,'Paste Here'!$A:$A,'Paste Here'!Q:Q),0) -> 112715.88 | S42: =IFERROR(_xlfn.XLOOKUP($B42,'Paste Here'!$A:$A,'Paste Here'!R:R),0) -> 108874.14 | T42: =IFERROR(_xlfn.XLOOKUP($B42,'Paste Here'!$A:$A,'Paste Here'!S:S),0) -> 102366.15 | U42: =IFERROR(_xlfn.XLOOKUP($B42,'Paste Here'!$A:$A,'Paste Here'!T:T),0) -> 99431.556 | V42: =IFERROR(_xlfn.XLOOKUP($B42,'Paste Here'!$A:$A,'Paste Here'!U:U),0) -> 100884.57 | W42: =IFERROR(_xlfn.XLOOKUP($B42,'Paste Here'!$A:$A,'Paste Here'!V:V),0) -> 102768.29 | X42: =IFERROR(_xlfn.XLOOKUP($B42,'Paste Here'!$A:$A,'Paste Here'!W:W),0) -> 103409.11 | Y42: =IFERROR(_xlfn.XLOOKUP($B42,'Paste Here'!$A:$A,'Paste Here'!X:X),0) -> 101915.27 | Z42: =IFERROR(_xlfn.XLOOKUP($B42,'Paste Here'!$A:$A,'Paste Here'!Y:Y),0) -> 100474.77 | AA42: =IFERROR(_xlfn.XLOOKUP($B42,'Paste Here'!$A:$A,'Paste Here'!Z:Z),0) -> 97673.705 | AB42: =IFERROR(_xlfn.XLOOKUP($B42,'Paste Here'!$A:$A,'Paste Here'!AA:AA),0) -> 95771.482 | AC42: =IFERROR(_xlfn.XLOOKUP($B42,'Paste Here'!$A:$A,'Paste Here'!AB:AB),0) -> 94863.599 | AD42: =IFERROR(_xlfn.XLOOKUP($B42,'Paste Here'!$A:$A,'Paste Here'!AC:AC),0) -> 96406.909 | AE42: =IFERROR(_xlfn.XLOOKUP($B42,'Paste Here'!$A:$A,'Paste Here'!AD:AD),0) -> 97301.676 | AF42: =IFERROR(_xlfn.XLOOKUP($B42,'Paste Here'!$A:$A,'Paste Here'!AE:AE),0) -> 97004.829 | AG42: =IFERROR(_xlfn.XLOOKUP($B42,'Paste Here'!$A:$A,'Paste Here'!AF:AF),0) -> 94774.152 | AH42: =IFERROR(_xlfn.XLOOKUP($B42,'Paste Here'!$A:$A,'Paste Here'!AG:AG),0) -> 94748.749
A43: Storage utiliz. (incl. External) | B43: Container m3 in Queue | C43: =IFERROR(_xlfn.XLOOKUP($B43,'Paste Here'!$A:$A,'Paste Here'!B:B),0) -> 23712 | D43: =IFERROR(_xlfn.XLOOKUP($B43,'Paste Here'!$A:$A,'Paste Here'!C:C),0) -> 21090 | E43: =IFERROR(_xlfn.XLOOKUP($B43,'Paste Here'!$A:$A,'Paste Here'!D:D),0) -> 21318 | F43: =IFERROR(_xlfn.XLOOKUP($B43,'Paste Here'!$A:$A,'Paste Here'!E:E),0) -> 28899 | G43: =IFERROR(_xlfn.XLOOKUP($B43,'Paste Here'!$A:$A,'Paste Here'!F:F),0) -> 32490 | H43: =IFERROR(_xlfn.XLOOKUP($B43,'Paste Here'!$A:$A,'Paste Here'!G:G),0) -> 33516 | I43: =IFERROR(_xlfn.XLOOKUP($B43,'Paste Here'!$A:$A,'Paste Here'!H:H),0) -> 29534.96 | J43: =IFERROR(_xlfn.XLOOKUP($B43,'Paste Here'!$A:$A,'Paste Here'!I:I),0) -> 26777.314 | K43: =IFERROR(_xlfn.XLOOKUP($B43,'Paste Here'!$A:$A,'Paste Here'!J:J),0) -> 22240.623 | L43: =IFERROR(_xlfn.XLOOKUP($B43,'Paste Here'!$A:$A,'Paste Here'!K:K),0) -> 18820.99 | M43: =IFERROR(_xlfn.XLOOKUP($B43,'Paste Here'!$A:$A,'Paste Here'!L:L),0) -> 16147.119 | N43: =IFERROR(_xlfn.XLOOKUP($B43,'Paste Here'!$A:$A,'Paste Here'!M:M),0) -> 13300.208 | O43: =IFERROR(_xlfn.XLOOKUP($B43,'Paste Here'!$A:$A,'Paste Here'!N:N),0) -> 10830 | P43: =IFERROR(_xlfn.XLOOKUP($B43,'Paste Here'!$A:$A,'Paste Here'!O:O),0) -> 10830 | Q43: =IFERROR(_xlfn.XLOOKUP($B43,'Paste Here'!$A:$A,'Paste Here'!P:P),0) -> 10830 | R43: =IFERROR(_xlfn.XLOOKUP($B43,'Paste Here'!$A:$A,'Paste Here'!Q:Q),0) -> 10830 | S43: =IFERROR(_xlfn.XLOOKUP($B43,'Paste Here'!$A:$A,'Paste Here'!R:R),0) -> 10830 | T43: =IFERROR(_xlfn.XLOOKUP($B43,'Paste Here'!$A:$A,'Paste Here'!S:S),0) -> 10830 | U43: =IFERROR(_xlfn.XLOOKUP($B43,'Paste Here'!$A:$A,'Paste Here'!T:T),0) -> 10830 | V43: =IFERROR(_xlfn.XLOOKUP($B43,'Paste Here'!$A:$A,'Paste Here'!U:U),0) -> 10830 | W43: =IFERROR(_xlfn.XLOOKUP($B43,'Paste Here'!$A:$A,'Paste Here'!V:V),0) -> 10830 | X43: =IFERROR(_xlfn.XLOOKUP($B43,'Paste Here'!$A:$A,'Paste Here'!W:W),0) -> 10830 | Y43: =IFERROR(_xlfn.XLOOKUP($B43,'Paste Here'!$A:$A,'Paste Here'!X:X),0) -> 10830 | Z43: =IFERROR(_xlfn.XLOOKUP($B43,'Paste Here'!$A:$A,'Paste Here'!Y:Y),0) -> 10830 | AA43: =IFERROR(_xlfn.XLOOKUP($B43,'Paste Here'!$A:$A,'Paste Here'!Z:Z),0) -> 10830 | AB43: =IFERROR(_xlfn.XLOOKUP($B43,'Paste Here'!$A:$A,'Paste Here'!AA:AA),0) -> 10830 | AC43: =IFERROR(_xlfn.XLOOKUP($B43,'Paste Here'!$A:$A,'Paste Here'!AB:AB),0) -> 10830 | AD43: =IFERROR(_xlfn.XLOOKUP($B43,'Paste Here'!$A:$A,'Paste Here'!AC:AC),0) -> 10830 | AE43: =IFERROR(_xlfn.XLOOKUP($B43,'Paste Here'!$A:$A,'Paste Here'!AD:AD),0) -> 10830 | AF43: =IFERROR(_xlfn.XLOOKUP($B43,'Paste Here'!$A:$A,'Paste Here'!AE:AE),0) -> 10830 | AG43: =IFERROR(_xlfn.XLOOKUP($B43,'Paste Here'!$A:$A,'Paste Here'!AF:AF),0) -> 10830 | AH43: =IFERROR(_xlfn.XLOOKUP($B43,'Paste Here'!$A:$A,'Paste Here'!AG:AG),0) -> 10830
B44: Operational Queue | C44: =IFERROR(_xlfn.XLOOKUP($B44,'Paste Here'!$A:$A,'Paste Here'!B:B),0) -> 10830 | D44: =IFERROR(_xlfn.XLOOKUP($B44,'Paste Here'!$A:$A,'Paste Here'!C:C),0) -> 10830 | E44: =IFERROR(_xlfn.XLOOKUP($B44,'Paste Here'!$A:$A,'Paste Here'!D:D),0) -> 10830 | F44: =IFERROR(_xlfn.XLOOKUP($B44,'Paste Here'!$A:$A,'Paste Here'!E:E),0) -> 10830 | G44: =IFERROR(_xlfn.XLOOKUP($B44,'Paste Here'!$A:$A,'Paste Here'!F:F),0) -> 10830 | H44: =IFERROR(_xlfn.XLOOKUP($B44,'Paste Here'!$A:$A,'Paste Here'!G:G),0) -> 10830 | I44: =IFERROR(_xlfn.XLOOKUP($B44,'Paste Here'!$A:$A,'Paste Here'!H:H),0) -> 10830 | J44: =IFERROR(_xlfn.XLOOKUP($B44,'Paste Here'!$A:$A,'Paste Here'!I:I),0) -> 10830 | K44: =IFERROR(_xlfn.XLOOKUP($B44,'Paste Here'!$A:$A,'Paste Here'!J:J),0) -> 10830 | L44: =IFERROR(_xlfn.XLOOKUP($B44,'Paste Here'!$A:$A,'Paste Here'!K:K),0) -> 10830 | M44: =IFERROR(_xlfn.XLOOKUP($B44,'Paste Here'!$A:$A,'Paste Here'!L:L),0) -> 10830 | N44: =IFERROR(_xlfn.XLOOKUP($B44,'Paste Here'!$A:$A,'Paste Here'!M:M),0) -> 10830 | O44: =IFERROR(_xlfn.XLOOKUP($B44,'Paste Here'!$A:$A,'Paste Here'!N:N),0) -> 10830 | P44: =IFERROR(_xlfn.XLOOKUP($B44,'Paste Here'!$A:$A,'Paste Here'!O:O),0) -> 10830 | Q44: =IFERROR(_xlfn.XLOOKUP($B44,'Paste Here'!$A:$A,'Paste Here'!P:P),0) -> 10830 | R44: =IFERROR(_xlfn.XLOOKUP($B44,'Paste Here'!$A:$A,'Paste Here'!Q:Q),0) -> 10830 | S44: =IFERROR(_xlfn.XLOOKUP($B44,'Paste Here'!$A:$A,'Paste Here'!R:R),0) -> 10830 | T44: =IFERROR(_xlfn.XLOOKUP($B44,'Paste Here'!$A:$A,'Paste Here'!S:S),0) -> 10830 | U44: =IFERROR(_xlfn.XLOOKUP($B44,'Paste Here'!$A:$A,'Paste Here'!T:T),0) -> 10830 | V44: =IFERROR(_xlfn.XLOOKUP($B44,'Paste Here'!$A:$A,'Paste Here'!U:U),0) -> 10830 | W44: =IFERROR(_xlfn.XLOOKUP($B44,'Paste Here'!$A:$A,'Paste Here'!V:V),0) -> 10830 | X44: =IFERROR(_xlfn.XLOOKUP($B44,'Paste Here'!$A:$A,'Paste Here'!W:W),0) -> 10830 | Y44: =IFERROR(_xlfn.XLOOKUP($B44,'Paste Here'!$A:$A,'Paste Here'!X:X),0) -> 10830 | Z44: =IFERROR(_xlfn.XLOOKUP($B44,'Paste Here'!$A:$A,'Paste Here'!Y:Y),0) -> 10830 | AA44: =IFERROR(_xlfn.XLOOKUP($B44,'Paste Here'!$A:$A,'Paste Here'!Z:Z),0) -> 10830 | AB44: =IFERROR(_xlfn.XLOOKUP($B44,'Paste Here'!$A:$A,'Paste Here'!AA:AA),0) -> 10830 | AC44: =IFERROR(_xlfn.XLOOKUP($B44,'Paste Here'!$A:$A,'Paste Here'!AB:AB),0) -> 10830 | AD44: =IFERROR(_xlfn.XLOOKUP($B44,'Paste Here'!$A:$A,'Paste Here'!AC:AC),0) -> 10830 | AE44: =IFERROR(_xlfn.XLOOKUP($B44,'Paste Here'!$A:$A,'Paste Here'!AD:AD),0) -> 10830 | AF44: =IFERROR(_xlfn.XLOOKUP($B44,'Paste Here'!$A:$A,'Paste Here'!AE:AE),0) -> 10830 | AG44: =IFERROR(_xlfn.XLOOKUP($B44,'Paste Here'!$A:$A,'Paste Here'!AF:AF),0) -> 10830 | AH44: =IFERROR(_xlfn.XLOOKUP($B44,'Paste Here'!$A:$A,'Paste Here'!AG:AG),0) -> 10830
B45: Stock incl. Queue | C45: =IFERROR(_xlfn.XLOOKUP($B45,'Paste Here'!$A:$A,'Paste Here'!B:B),0) -> 148897 | D45: =IFERROR(_xlfn.XLOOKUP($B45,'Paste Here'!$A:$A,'Paste Here'!C:C),0) -> 143924 | E45: =IFERROR(_xlfn.XLOOKUP($B45,'Paste Here'!$A:$A,'Paste Here'!D:D),0) -> 142737 | F45: =IFERROR(_xlfn.XLOOKUP($B45,'Paste Here'!$A:$A,'Paste Here'!E:E),0) -> 147818 | G45: =IFERROR(_xlfn.XLOOKUP($B45,'Paste Here'!$A:$A,'Paste Here'!F:F),0) -> 145588 | H45: =IFERROR(_xlfn.XLOOKUP($B45,'Paste Here'!$A:$A,'Paste Here'!G:G),0) -> 143845 | I45: =IFERROR(_xlfn.XLOOKUP($B45,'Paste Here'!$A:$A,'Paste Here'!H:H),0) -> 137630.01 | J45: =IFERROR(_xlfn.XLOOKUP($B45,'Paste Here'!$A:$A,'Paste Here'!I:I),0) -> 136134.26 | K45: =IFERROR(_xlfn.XLOOKUP($B45,'Paste Here'!$A:$A,'Paste Here'!J:J),0) -> 132748.89 | L45: =IFERROR(_xlfn.XLOOKUP($B45,'Paste Here'!$A:$A,'Paste Here'!K:K),0) -> 131014.83 | M45: =IFERROR(_xlfn.XLOOKUP($B45,'Paste Here'!$A:$A,'Paste Here'!L:L),0) -> 130580.83 | N45: =IFERROR(_xlfn.XLOOKUP($B45,'Paste Here'!$A:$A,'Paste Here'!M:M),0) -> 129953.27 | O45: =IFERROR(_xlfn.XLOOKUP($B45,'Paste Here'!$A:$A,'Paste Here'!N:N),0) -> 126464.66 | P45: =IFERROR(_xlfn.XLOOKUP($B45,'Paste Here'!$A:$A,'Paste Here'!O:O),0) -> 125876.23 | Q45: =IFERROR(_xlfn.XLOOKUP($B45,'Paste Here'!$A:$A,'Paste Here'!P:P),0) -> 123534 | R45: =IFERROR(_xlfn.XLOOKUP($B45,'Paste Here'!$A:$A,'Paste Here'!Q:Q),0) -> 123545.88 | S45: =IFERROR(_xlfn.XLOOKUP($B45,'Paste Here'!$A:$A,'Paste Here'!R:R),0) -> 119704.14 | T45: =IFERROR(_xlfn.XLOOKUP($B45,'Paste Here'!$A:$A,'Paste Here'!S:S),0) -> 113196.15 | U45: =IFERROR(_xlfn.XLOOKUP($B45,'Paste Here'!$A:$A,'Paste Here'!T:T),0) -> 110261.56 | V45: =IFERROR(_xlfn.XLOOKUP($B45,'Paste Here'!$A:$A,'Paste Here'!U:U),0) -> 111714.57 | W45: =IFERROR(_xlfn.XLOOKUP($B45,'Paste Here'!$A:$A,'Paste Here'!V:V),0) -> 113598.29 | X45: =IFERROR(_xlfn.XLOOKUP($B45,'Paste Here'!$A:$A,'Paste Here'!W:W),0) -> 114239.11 | Y45: =IFERROR(_xlfn.XLOOKUP($B45,'Paste Here'!$A:$A,'Paste Here'!X:X),0) -> 112745.27 | Z45: =IFERROR(_xlfn.XLOOKUP($B45,'Paste Here'!$A:$A,'Paste Here'!Y:Y),0) -> 111304.77 | AA45: =IFERROR(_xlfn.XLOOKUP($B45,'Paste Here'!$A:$A,'Paste Here'!Z:Z),0) -> 108503.7 | AB45: =IFERROR(_xlfn.XLOOKUP($B45,'Paste Here'!$A:$A,'Paste Here'!AA:AA),0) -> 106601.48 | AC45: =IFERROR(_xlfn.XLOOKUP($B45,'Paste Here'!$A:$A,'Paste Here'!AB:AB),0) -> 105693.6 | AD45: =IFERROR(_xlfn.XLOOKUP($B45,'Paste Here'!$A:$A,'Paste Here'!AC:AC),0) -> 107236.91 | AE45: =IFERROR(_xlfn.XLOOKUP($B45,'Paste Here'!$A:$A,'Paste Here'!AD:AD),0) -> 108131.68 | AF45: =IFERROR(_xlfn.XLOOKUP($B45,'Paste Here'!$A:$A,'Paste Here'!AE:AE),0) -> 107834.83 | AG45: =IFERROR(_xlfn.XLOOKUP($B45,'Paste Here'!$A:$A,'Paste Here'!AF:AF),0) -> 105604.15 | AH45: =IFERROR(_xlfn.XLOOKUP($B45,'Paste Here'!$A:$A,'Paste Here'!AG:AG),0) -> 105578.75
B46: Main Building Stock | C46: =IFERROR(_xlfn.XLOOKUP($B46,'Paste Here'!$A:$A,'Paste Here'!B:B),0) -> 125185 | D46: =IFERROR(_xlfn.XLOOKUP($B46,'Paste Here'!$A:$A,'Paste Here'!C:C),0) -> 122834 | E46: =IFERROR(_xlfn.XLOOKUP($B46,'Paste Here'!$A:$A,'Paste Here'!D:D),0) -> 121419 | F46: =IFERROR(_xlfn.XLOOKUP($B46,'Paste Here'!$A:$A,'Paste Here'!E:E),0) -> 118919 | G46: =IFERROR(_xlfn.XLOOKUP($B46,'Paste Here'!$A:$A,'Paste Here'!F:F),0) -> 113098 | H46: =IFERROR(_xlfn.XLOOKUP($B46,'Paste Here'!$A:$A,'Paste Here'!G:G),0) -> 110329 | I46: =IFERROR(_xlfn.XLOOKUP($B46,'Paste Here'!$A:$A,'Paste Here'!H:H),0) -> 108095.05 | J46: =IFERROR(_xlfn.XLOOKUP($B46,'Paste Here'!$A:$A,'Paste Here'!I:I),0) -> 109356.95 | K46: =IFERROR(_xlfn.XLOOKUP($B46,'Paste Here'!$A:$A,'Paste Here'!J:J),0) -> 110508.26 | L46: =IFERROR(_xlfn.XLOOKUP($B46,'Paste Here'!$A:$A,'Paste Here'!K:K),0) -> 112193.84 | M46: =IFERROR(_xlfn.XLOOKUP($B46,'Paste Here'!$A:$A,'Paste Here'!L:L),0) -> 114433.71 | N46: =IFERROR(_xlfn.XLOOKUP($B46,'Paste Here'!$A:$A,'Paste Here'!M:M),0) -> 116653.06 | O46: =IFERROR(_xlfn.XLOOKUP($B46,'Paste Here'!$A:$A,'Paste Here'!N:N),0) -> 115634.66 | P46: =IFERROR(_xlfn.XLOOKUP($B46,'Paste Here'!$A:$A,'Paste Here'!O:O),0) -> 115046.23 | Q46: =IFERROR(_xlfn.XLOOKUP($B46,'Paste Here'!$A:$A,'Paste Here'!P:P),0) -> 112704 | R46: =IFERROR(_xlfn.XLOOKUP($B46,'Paste Here'!$A:$A,'Paste Here'!Q:Q),0) -> 112715.88 | S46: =IFERROR(_xlfn.XLOOKUP($B46,'Paste Here'!$A:$A,'Paste Here'!R:R),0) -> 108874.14 | T46: =IFERROR(_xlfn.XLOOKUP($B46,'Paste Here'!$A:$A,'Paste Here'!S:S),0) -> 102366.15 | U46: =IFERROR(_xlfn.XLOOKUP($B46,'Paste Here'!$A:$A,'Paste Here'!T:T),0) -> 99431.556 | V46: =IFERROR(_xlfn.XLOOKUP($B46,'Paste Here'!$A:$A,'Paste Here'!U:U),0) -> 100884.57 | W46: =IFERROR(_xlfn.XLOOKUP($B46,'Paste Here'!$A:$A,'Paste Here'!V:V),0) -> 102768.29 | X46: =IFERROR(_xlfn.XLOOKUP($B46,'Paste Here'!$A:$A,'Paste Here'!W:W),0) -> 103409.11 | Y46: =IFERROR(_xlfn.XLOOKUP($B46,'Paste Here'!$A:$A,'Paste Here'!X:X),0) -> 101915.27 | Z46: =IFERROR(_xlfn.XLOOKUP($B46,'Paste Here'!$A:$A,'Paste Here'!Y:Y),0) -> 100474.77 | AA46: =IFERROR(_xlfn.XLOOKUP($B46,'Paste Here'!$A:$A,'Paste Here'!Z:Z),0) -> 97673.705 | AB46: =IFERROR(_xlfn.XLOOKUP($B46,'Paste Here'!$A:$A,'Paste Here'!AA:AA),0) -> 95771.482 | AC46: =IFERROR(_xlfn.XLOOKUP($B46,'Paste Here'!$A:$A,'Paste Here'!AB:AB),0) -> 94863.599 | AD46: =IFERROR(_xlfn.XLOOKUP($B46,'Paste Here'!$A:$A,'Paste Here'!AC:AC),0) -> 96406.909 | AE46: =IFERROR(_xlfn.XLOOKUP($B46,'Paste Here'!$A:$A,'Paste Here'!AD:AD),0) -> 97301.676 | AF46: =IFERROR(_xlfn.XLOOKUP($B46,'Paste Here'!$A:$A,'Paste Here'!AE:AE),0) -> 97004.829 | AG46: =IFERROR(_xlfn.XLOOKUP($B46,'Paste Here'!$A:$A,'Paste Here'!AF:AF),0) -> 94774.152 | AH46: =IFERROR(_xlfn.XLOOKUP($B46,'Paste Here'!$A:$A,'Paste Here'!AG:AG),0) -> 94748.749
B47: Main Building Capacity m3 | C47: =IFERROR(_xlfn.XLOOKUP($B47,'Paste Here'!$A:$A,'Paste Here'!B:B),0) -> 193785.35 | D47: =IFERROR(_xlfn.XLOOKUP($B47,'Paste Here'!$A:$A,'Paste Here'!C:C),0) -> 193785.35 | E47: =IFERROR(_xlfn.XLOOKUP($B47,'Paste Here'!$A:$A,'Paste Here'!D:D),0) -> 193785.35 | F47: =IFERROR(_xlfn.XLOOKUP($B47,'Paste Here'!$A:$A,'Paste Here'!E:E),0) -> 193785.35 | G47: =IFERROR(_xlfn.XLOOKUP($B47,'Paste Here'!$A:$A,'Paste Here'!F:F),0) -> 193785.35 | H47: =IFERROR(_xlfn.XLOOKUP($B47,'Paste Here'!$A:$A,'Paste Here'!G:G),0) -> 193785.35 | I47: =IFERROR(_xlfn.XLOOKUP($B47,'Paste Here'!$A:$A,'Paste Here'!H:H),0) -> 193785.35 | J47: =IFERROR(_xlfn.XLOOKUP($B47,'Paste Here'!$A:$A,'Paste Here'!I:I),0) -> 193785.35 | K47: =IFERROR(_xlfn.XLOOKUP($B47,'Paste Here'!$A:$A,'Paste Here'!J:J),0) -> 193785.35 | L47: =IFERROR(_xlfn.XLOOKUP($B47,'Paste Here'!$A:$A,'Paste Here'!K:K),0) -> 193785.35 | M47: =IFERROR(_xlfn.XLOOKUP($B47,'Paste Here'!$A:$A,'Paste Here'!L:L),0) -> 193785.35 | N47: =IFERROR(_xlfn.XLOOKUP($B47,'Paste Here'!$A:$A,'Paste Here'!M:M),0) -> 193785.35 | O47: =IFERROR(_xlfn.XLOOKUP($B47,'Paste Here'!$A:$A,'Paste Here'!N:N),0) -> 193785.35 | P47: =IFERROR(_xlfn.XLOOKUP($B47,'Paste Here'!$A:$A,'Paste Here'!O:O),0) -> 193785.35 | Q47: =IFERROR(_xlfn.XLOOKUP($B47,'Paste Here'!$A:$A,'Paste Here'!P:P),0) -> 193785.35 | R47: =IFERROR(_xlfn.XLOOKUP($B47,'Paste Here'!$A:$A,'Paste Here'!Q:Q),0) -> 193785.35 | S47: =IFERROR(_xlfn.XLOOKUP($B47,'Paste Here'!$A:$A,'Paste Here'!R:R),0) -> 193785.35 | T47: =IFERROR(_xlfn.XLOOKUP($B47,'Paste Here'!$A:$A,'Paste Here'!S:S),0) -> 193785.35 | U47: =IFERROR(_xlfn.XLOOKUP($B47,'Paste Here'!$A:$A,'Paste Here'!T:T),0) -> 193785.35 | V47: =IFERROR(_xlfn.XLOOKUP($B47,'Paste Here'!$A:$A,'Paste Here'!U:U),0) -> 193785.35 | W47: =IFERROR(_xlfn.XLOOKUP($B47,'Paste Here'!$A:$A,'Paste Here'!V:V),0) -> 193785.35 | X47: =IFERROR(_xlfn.XLOOKUP($B47,'Paste Here'!$A:$A,'Paste Here'!W:W),0) -> 193785.35 | Y47: =IFERROR(_xlfn.XLOOKUP($B47,'Paste Here'!$A:$A,'Paste Here'!X:X),0) -> 193785.35 | Z47: =IFERROR(_xlfn.XLOOKUP($B47,'Paste Here'!$A:$A,'Paste Here'!Y:Y),0) -> 193785.35 | AA47: =IFERROR(_xlfn.XLOOKUP($B47,'Paste Here'!$A:$A,'Paste Here'!Z:Z),0) -> 193785.35 | AB47: =IFERROR(_xlfn.XLOOKUP($B47,'Paste Here'!$A:$A,'Paste Here'!AA:AA),0) -> 193785.35 | AC47: =IFERROR(_xlfn.XLOOKUP($B47,'Paste Here'!$A:$A,'Paste Here'!AB:AB),0) -> 193785.35 | AD47: =IFERROR(_xlfn.XLOOKUP($B47,'Paste Here'!$A:$A,'Paste Here'!AC:AC),0) -> 193785.35 | AE47: =IFERROR(_xlfn.XLOOKUP($B47,'Paste Here'!$A:$A,'Paste Here'!AD:AD),0) -> 193785.35 | AF47: =IFERROR(_xlfn.XLOOKUP($B47,'Paste Here'!$A:$A,'Paste Here'!AE:AE),0) -> 193785.35 | AG47: =IFERROR(_xlfn.XLOOKUP($B47,'Paste Here'!$A:$A,'Paste Here'!AF:AF),0) -> 193785.35 | AH47: =IFERROR(_xlfn.XLOOKUP($B47,'Paste Here'!$A:$A,'Paste Here'!AG:AG),0) -> 193785.35
B48: Main Building Storage Utilization | C48: =IFERROR(_xlfn.XLOOKUP($B48,'Paste Here'!$A:$A,'Paste Here'!B:B),0) -> 0.64599827 | D48: =IFERROR(_xlfn.XLOOKUP($B48,'Paste Here'!$A:$A,'Paste Here'!C:C),0) -> 0.63386629 | E48: =IFERROR(_xlfn.XLOOKUP($B48,'Paste Here'!$A:$A,'Paste Here'!D:D),0) -> 0.62656439 | F48: =IFERROR(_xlfn.XLOOKUP($B48,'Paste Here'!$A:$A,'Paste Here'!E:E),0) -> 0.61366352 | G48: =IFERROR(_xlfn.XLOOKUP($B48,'Paste Here'!$A:$A,'Paste Here'!F:F),0) -> 0.58362513 | H48: =IFERROR(_xlfn.XLOOKUP($B48,'Paste Here'!$A:$A,'Paste Here'!G:G),0) -> 0.56933612 | I48: =IFERROR(_xlfn.XLOOKUP($B48,'Paste Here'!$A:$A,'Paste Here'!H:H),0) -> 0.55780816 | J48: =IFERROR(_xlfn.XLOOKUP($B48,'Paste Here'!$A:$A,'Paste Here'!I:I),0) -> 0.56432 | K48: =IFERROR(_xlfn.XLOOKUP($B48,'Paste Here'!$A:$A,'Paste Here'!J:J),0) -> 0.57026118 | L48: =IFERROR(_xlfn.XLOOKUP($B48,'Paste Here'!$A:$A,'Paste Here'!K:K),0) -> 0.57895933 | M48: =IFERROR(_xlfn.XLOOKUP($B48,'Paste Here'!$A:$A,'Paste Here'!L:L),0) -> 0.59051788 | N48: =IFERROR(_xlfn.XLOOKUP($B48,'Paste Here'!$A:$A,'Paste Here'!M:M),0) -> 0.60197047 | O48: =IFERROR(_xlfn.XLOOKUP($B48,'Paste Here'!$A:$A,'Paste Here'!N:N),0) -> 0.5967152 | P48: =IFERROR(_xlfn.XLOOKUP($B48,'Paste Here'!$A:$A,'Paste Here'!O:O),0) -> 0.59367869 | Q48: =IFERROR(_xlfn.XLOOKUP($B48,'Paste Here'!$A:$A,'Paste Here'!P:P),0) -> 0.58159194 | R48: =IFERROR(_xlfn.XLOOKUP($B48,'Paste Here'!$A:$A,'Paste Here'!Q:Q),0) -> 0.58165326 | S48: =IFERROR(_xlfn.XLOOKUP($B48,'Paste Here'!$A:$A,'Paste Here'!R:R),0) -> 0.56182852 | T48: =IFERROR(_xlfn.XLOOKUP($B48,'Paste Here'!$A:$A,'Paste Here'!S:S),0) -> 0.52824502 | U48: =IFERROR(_xlfn.XLOOKUP($B48,'Paste Here'!$A:$A,'Paste Here'!T:T),0) -> 0.51310151 | V48: =IFERROR(_xlfn.XLOOKUP($B48,'Paste Here'!$A:$A,'Paste Here'!U:U),0) -> 0.52059958 | W48: =IFERROR(_xlfn.XLOOKUP($B48,'Paste Here'!$A:$A,'Paste Here'!V:V),0) -> 0.53032024 | X48: =IFERROR(_xlfn.XLOOKUP($B48,'Paste Here'!$A:$A,'Paste Here'!W:W),0) -> 0.53362706 | Y48: =IFERROR(_xlfn.XLOOKUP($B48,'Paste Here'!$A:$A,'Paste Here'!X:X),0) -> 0.52591836 | Z48: =IFERROR(_xlfn.XLOOKUP($B48,'Paste Here'!$A:$A,'Paste Here'!Y:Y),0) -> 0.51848486 | AA48: =IFERROR(_xlfn.XLOOKUP($B48,'Paste Here'!$A:$A,'Paste Here'!Z:Z),0) -> 0.50403039 | AB48: =IFERROR(_xlfn.XLOOKUP($B48,'Paste Here'!$A:$A,'Paste Here'!AA:AA),0) -> 0.49421425 | AC48: =IFERROR(_xlfn.XLOOKUP($B48,'Paste Here'!$A:$A,'Paste Here'!AB:AB),0) -> 0.48952926 | AD48: =IFERROR(_xlfn.XLOOKUP($B48,'Paste Here'!$A:$A,'Paste Here'!AC:AC),0) -> 0.49749328 | AE48: =IFERROR(_xlfn.XLOOKUP($B48,'Paste Here'!$A:$A,'Paste Here'!AD:AD),0) -> 0.50211059 | AF48: =IFERROR(_xlfn.XLOOKUP($B48,'Paste Here'!$A:$A,'Paste Here'!AE:AE),0) -> 0.50057875 | AG48: =IFERROR(_xlfn.XLOOKUP($B48,'Paste Here'!$A:$A,'Paste Here'!AF:AF),0) -> 0.48906768 | AH48: =IFERROR(_xlfn.XLOOKUP($B48,'Paste Here'!$A:$A,'Paste Here'!AG:AG),0) -> 0.4889366
B49: External Stock | C49: =IFERROR(_xlfn.XLOOKUP($B49,'Paste Here'!$A:$A,'Paste Here'!B:B),0) -> 0 | D49: =IFERROR(_xlfn.XLOOKUP($B49,'Paste Here'!$A:$A,'Paste Here'!C:C),0) -> 0 | E49: =IFERROR(_xlfn.XLOOKUP($B49,'Paste Here'!$A:$A,'Paste Here'!D:D),0) -> 0 | F49: =IFERROR(_xlfn.XLOOKUP($B49,'Paste Here'!$A:$A,'Paste Here'!E:E),0) -> 0 | G49: =IFERROR(_xlfn.XLOOKUP($B49,'Paste Here'!$A:$A,'Paste Here'!F:F),0) -> 0 | H49: =IFERROR(_xlfn.XLOOKUP($B49,'Paste Here'!$A:$A,'Paste Here'!G:G),0) -> 0 | I49: =IFERROR(_xlfn.XLOOKUP($B49,'Paste Here'!$A:$A,'Paste Here'!H:H),0) -> 0 | J49: =IFERROR(_xlfn.XLOOKUP($B49,'Paste Here'!$A:$A,'Paste Here'!I:I),0) -> 0 | K49: =IFERROR(_xlfn.XLOOKUP($B49,'Paste Here'!$A:$A,'Paste Here'!J:J),0) -> 0 | L49: =IFERROR(_xlfn.XLOOKUP($B49,'Paste Here'!$A:$A,'Paste Here'!K:K),0) -> 0 | M49: =IFERROR(_xlfn.XLOOKUP($B49,'Paste Here'!$A:$A,'Paste Here'!L:L),0) -> 0 | N49: =IFERROR(_xlfn.XLOOKUP($B49,'Paste Here'!$A:$A,'Paste Here'!M:M),0) -> 0 | O49: =IFERROR(_xlfn.XLOOKUP($B49,'Paste Here'!$A:$A,'Paste Here'!N:N),0) -> 0 | P49: =IFERROR(_xlfn.XLOOKUP($B49,'Paste Here'!$A:$A,'Paste Here'!O:O),0) -> 0 | Q49: =IFERROR(_xlfn.XLOOKUP($B49,'Paste Here'!$A:$A,'Paste Here'!P:P),0) -> 0 | R49: =IFERROR(_xlfn.XLOOKUP($B49,'Paste Here'!$A:$A,'Paste Here'!Q:Q),0) -> 0 | S49: =IFERROR(_xlfn.XLOOKUP($B49,'Paste Here'!$A:$A,'Paste Here'!R:R),0) -> 0 | T49: =IFERROR(_xlfn.XLOOKUP($B49,'Paste Here'!$A:$A,'Paste Here'!S:S),0) -> 0 | U49: =IFERROR(_xlfn.XLOOKUP($B49,'Paste Here'!$A:$A,'Paste Here'!T:T),0) -> 0 | V49: =IFERROR(_xlfn.XLOOKUP($B49,'Paste Here'!$A:$A,'Paste Here'!U:U),0) -> 0 | W49: =IFERROR(_xlfn.XLOOKUP($B49,'Paste Here'!$A:$A,'Paste Here'!V:V),0) -> 0 | X49: =IFERROR(_xlfn.XLOOKUP($B49,'Paste Here'!$A:$A,'Paste Here'!W:W),0) -> 0 | Y49: =IFERROR(_xlfn.XLOOKUP($B49,'Paste Here'!$A:$A,'Paste Here'!X:X),0) -> 0 | Z49: =IFERROR(_xlfn.XLOOKUP($B49,'Paste Here'!$A:$A,'Paste Here'!Y:Y),0) -> 0 | AA49: =IFERROR(_xlfn.XLOOKUP($B49,'Paste Here'!$A:$A,'Paste Here'!Z:Z),0) -> 0 | AB49: =IFERROR(_xlfn.XLOOKUP($B49,'Paste Here'!$A:$A,'Paste Here'!AA:AA),0) -> 0 | AC49: =IFERROR(_xlfn.XLOOKUP($B49,'Paste Here'!$A:$A,'Paste Here'!AB:AB),0) -> 0 | AD49: =IFERROR(_xlfn.XLOOKUP($B49,'Paste Here'!$A:$A,'Paste Here'!AC:AC),0) -> 0 | AE49: =IFERROR(_xlfn.XLOOKUP($B49,'Paste Here'!$A:$A,'Paste Here'!AD:AD),0) -> 0 | AF49: =IFERROR(_xlfn.XLOOKUP($B49,'Paste Here'!$A:$A,'Paste Here'!AE:AE),0) -> 0 | AG49: =IFERROR(_xlfn.XLOOKUP($B49,'Paste Here'!$A:$A,'Paste Here'!AF:AF),0) -> 0 | AH49: =IFERROR(_xlfn.XLOOKUP($B49,'Paste Here'!$A:$A,'Paste Here'!AG:AG),0) -> 0
B50: External Capacity m3 | C50: =IFERROR(_xlfn.XLOOKUP($B50,'Paste Here'!$A:$A,'Paste Here'!B:B),0) -> 0 | D50: =IFERROR(_xlfn.XLOOKUP($B50,'Paste Here'!$A:$A,'Paste Here'!C:C),0) -> 0 | E50: =IFERROR(_xlfn.XLOOKUP($B50,'Paste Here'!$A:$A,'Paste Here'!D:D),0) -> 0 | F50: =IFERROR(_xlfn.XLOOKUP($B50,'Paste Here'!$A:$A,'Paste Here'!E:E),0) -> 0 | G50: =IFERROR(_xlfn.XLOOKUP($B50,'Paste Here'!$A:$A,'Paste Here'!F:F),0) -> 0 | H50: =IFERROR(_xlfn.XLOOKUP($B50,'Paste Here'!$A:$A,'Paste Here'!G:G),0) -> 0 | I50: =IFERROR(_xlfn.XLOOKUP($B50,'Paste Here'!$A:$A,'Paste Here'!H:H),0) -> 0 | J50: =IFERROR(_xlfn.XLOOKUP($B50,'Paste Here'!$A:$A,'Paste Here'!I:I),0) -> 0 | K50: =IFERROR(_xlfn.XLOOKUP($B50,'Paste Here'!$A:$A,'Paste Here'!J:J),0) -> 0 | L50: =IFERROR(_xlfn.XLOOKUP($B50,'Paste Here'!$A:$A,'Paste Here'!K:K),0) -> 0 | M50: =IFERROR(_xlfn.XLOOKUP($B50,'Paste Here'!$A:$A,'Paste Here'!L:L),0) -> 0 | N50: =IFERROR(_xlfn.XLOOKUP($B50,'Paste Here'!$A:$A,'Paste Here'!M:M),0) -> 0 | O50: =IFERROR(_xlfn.XLOOKUP($B50,'Paste Here'!$A:$A,'Paste Here'!N:N),0) -> 0 | P50: =IFERROR(_xlfn.XLOOKUP($B50,'Paste Here'!$A:$A,'Paste Here'!O:O),0) -> 0 | Q50: =IFERROR(_xlfn.XLOOKUP($B50,'Paste Here'!$A:$A,'Paste Here'!P:P),0) -> 0 | R50: =IFERROR(_xlfn.XLOOKUP($B50,'Paste Here'!$A:$A,'Paste Here'!Q:Q),0) -> 0 | S50: =IFERROR(_xlfn.XLOOKUP($B50,'Paste Here'!$A:$A,'Paste Here'!R:R),0) -> 0 | T50: =IFERROR(_xlfn.XLOOKUP($B50,'Paste Here'!$A:$A,'Paste Here'!S:S),0) -> 0 | U50: =IFERROR(_xlfn.XLOOKUP($B50,'Paste Here'!$A:$A,'Paste Here'!T:T),0) -> 0 | V50: =IFERROR(_xlfn.XLOOKUP($B50,'Paste Here'!$A:$A,'Paste Here'!U:U),0) -> 0 | W50: =IFERROR(_xlfn.XLOOKUP($B50,'Paste Here'!$A:$A,'Paste Here'!V:V),0) -> 0 | X50: =IFERROR(_xlfn.XLOOKUP($B50,'Paste Here'!$A:$A,'Paste Here'!W:W),0) -> 0 | Y50: =IFERROR(_xlfn.XLOOKUP($B50,'Paste Here'!$A:$A,'Paste Here'!X:X),0) -> 0 | Z50: =IFERROR(_xlfn.XLOOKUP($B50,'Paste Here'!$A:$A,'Paste Here'!Y:Y),0) -> 0 | AA50: =IFERROR(_xlfn.XLOOKUP($B50,'Paste Here'!$A:$A,'Paste Here'!Z:Z),0) -> 0 | AB50: =IFERROR(_xlfn.XLOOKUP($B50,'Paste Here'!$A:$A,'Paste Here'!AA:AA),0) -> 0 | AC50: =IFERROR(_xlfn.XLOOKUP($B50,'Paste Here'!$A:$A,'Paste Here'!AB:AB),0) -> 0 | AD50: =IFERROR(_xlfn.XLOOKUP($B50,'Paste Here'!$A:$A,'Paste Here'!AC:AC),0) -> 0 | AE50: =IFERROR(_xlfn.XLOOKUP($B50,'Paste Here'!$A:$A,'Paste Here'!AD:AD),0) -> 0 | AF50: =IFERROR(_xlfn.XLOOKUP($B50,'Paste Here'!$A:$A,'Paste Here'!AE:AE),0) -> 0 | AG50: =IFERROR(_xlfn.XLOOKUP($B50,'Paste Here'!$A:$A,'Paste Here'!AF:AF),0) -> 0 | AH50: =IFERROR(_xlfn.XLOOKUP($B50,'Paste Here'!$A:$A,'Paste Here'!AG:AG),0) -> 0
B51: External Storage Utilization | C51: =IFERROR(_xlfn.XLOOKUP($B51,'Paste Here'!$A:$A,'Paste Here'!B:B),0) -> 0 | D51: =IFERROR(_xlfn.XLOOKUP($B51,'Paste Here'!$A:$A,'Paste Here'!C:C),0) -> 0 | E51: =IFERROR(_xlfn.XLOOKUP($B51,'Paste Here'!$A:$A,'Paste Here'!D:D),0) -> 0 | F51: =IFERROR(_xlfn.XLOOKUP($B51,'Paste Here'!$A:$A,'Paste Here'!E:E),0) -> 0 | G51: =IFERROR(_xlfn.XLOOKUP($B51,'Paste Here'!$A:$A,'Paste Here'!F:F),0) -> 0 | H51: =IFERROR(_xlfn.XLOOKUP($B51,'Paste Here'!$A:$A,'Paste Here'!G:G),0) -> 0 | I51: =IFERROR(_xlfn.XLOOKUP($B51,'Paste Here'!$A:$A,'Paste Here'!H:H),0) -> 0 | J51: =IFERROR(_xlfn.XLOOKUP($B51,'Paste Here'!$A:$A,'Paste Here'!I:I),0) -> 0 | K51: =IFERROR(_xlfn.XLOOKUP($B51,'Paste Here'!$A:$A,'Paste Here'!J:J),0) -> 0 | L51: =IFERROR(_xlfn.XLOOKUP($B51,'Paste Here'!$A:$A,'Paste Here'!K:K),0) -> 0 | M51: =IFERROR(_xlfn.XLOOKUP($B51,'Paste Here'!$A:$A,'Paste Here'!L:L),0) -> 0 | N51: =IFERROR(_xlfn.XLOOKUP($B51,'Paste Here'!$A:$A,'Paste Here'!M:M),0) -> 0 | O51: =IFERROR(_xlfn.XLOOKUP($B51,'Paste Here'!$A:$A,'Paste Here'!N:N),0) -> 0 | P51: =IFERROR(_xlfn.XLOOKUP($B51,'Paste Here'!$A:$A,'Paste Here'!O:O),0) -> 0 | Q51: =IFERROR(_xlfn.XLOOKUP($B51,'Paste Here'!$A:$A,'Paste Here'!P:P),0) -> 0 | R51: =IFERROR(_xlfn.XLOOKUP($B51,'Paste Here'!$A:$A,'Paste Here'!Q:Q),0) -> 0 | S51: =IFERROR(_xlfn.XLOOKUP($B51,'Paste Here'!$A:$A,'Paste Here'!R:R),0) -> 0 | T51: =IFERROR(_xlfn.XLOOKUP($B51,'Paste Here'!$A:$A,'Paste Here'!S:S),0) -> 0 | U51: =IFERROR(_xlfn.XLOOKUP($B51,'Paste Here'!$A:$A,'Paste Here'!T:T),0) -> 0 | V51: =IFERROR(_xlfn.XLOOKUP($B51,'Paste Here'!$A:$A,'Paste Here'!U:U),0) -> 0 | W51: =IFERROR(_xlfn.XLOOKUP($B51,'Paste Here'!$A:$A,'Paste Here'!V:V),0) -> 0 | X51: =IFERROR(_xlfn.XLOOKUP($B51,'Paste Here'!$A:$A,'Paste Here'!W:W),0) -> 0 | Y51: =IFERROR(_xlfn.XLOOKUP($B51,'Paste Here'!$A:$A,'Paste Here'!X:X),0) -> 0 | Z51: =IFERROR(_xlfn.XLOOKUP($B51,'Paste Here'!$A:$A,'Paste Here'!Y:Y),0) -> 0 | AA51: =IFERROR(_xlfn.XLOOKUP($B51,'Paste Here'!$A:$A,'Paste Here'!Z:Z),0) -> 0 | AB51: =IFERROR(_xlfn.XLOOKUP($B51,'Paste Here'!$A:$A,'Paste Here'!AA:AA),0) -> 0 | AC51: =IFERROR(_xlfn.XLOOKUP($B51,'Paste Here'!$A:$A,'Paste Here'!AB:AB),0) -> 0 | AD51: =IFERROR(_xlfn.XLOOKUP($B51,'Paste Here'!$A:$A,'Paste Here'!AC:AC),0) -> 0 | AE51: =IFERROR(_xlfn.XLOOKUP($B51,'Paste Here'!$A:$A,'Paste Here'!AD:AD),0) -> 0 | AF51: =IFERROR(_xlfn.XLOOKUP($B51,'Paste Here'!$A:$A,'Paste Here'!AE:AE),0) -> 0 | AG51: =IFERROR(_xlfn.XLOOKUP($B51,'Paste Here'!$A:$A,'Paste Here'!AF:AF),0) -> 0 | AH51: =IFERROR(_xlfn.XLOOKUP($B51,'Paste Here'!$A:$A,'Paste Here'!AG:AG),0) -> 0
B52: Total DC Storage Capacity (incl. external) | C52: =IFERROR(_xlfn.XLOOKUP($B52,'Paste Here'!$A:$A,'Paste Here'!B:B),0) -> 193785.35 | D52: =IFERROR(_xlfn.XLOOKUP($B52,'Paste Here'!$A:$A,'Paste Here'!C:C),0) -> 193785.35 | E52: =IFERROR(_xlfn.XLOOKUP($B52,'Paste Here'!$A:$A,'Paste Here'!D:D),0) -> 193785.35 | F52: =IFERROR(_xlfn.XLOOKUP($B52,'Paste Here'!$A:$A,'Paste Here'!E:E),0) -> 193785.35 | G52: =IFERROR(_xlfn.XLOOKUP($B52,'Paste Here'!$A:$A,'Paste Here'!F:F),0) -> 193785.35 | H52: =IFERROR(_xlfn.XLOOKUP($B52,'Paste Here'!$A:$A,'Paste Here'!G:G),0) -> 193785.35 | I52: =IFERROR(_xlfn.XLOOKUP($B52,'Paste Here'!$A:$A,'Paste Here'!H:H),0) -> 193785.35 | J52: =IFERROR(_xlfn.XLOOKUP($B52,'Paste Here'!$A:$A,'Paste Here'!I:I),0) -> 193785.35 | K52: =IFERROR(_xlfn.XLOOKUP($B52,'Paste Here'!$A:$A,'Paste Here'!J:J),0) -> 193785.35 | L52: =IFERROR(_xlfn.XLOOKUP($B52,'Paste Here'!$A:$A,'Paste Here'!K:K),0) -> 193785.35 | M52: =IFERROR(_xlfn.XLOOKUP($B52,'Paste Here'!$A:$A,'Paste Here'!L:L),0) -> 193785.35 | N52: =IFERROR(_xlfn.XLOOKUP($B52,'Paste Here'!$A:$A,'Paste Here'!M:M),0) -> 193785.35 | O52: =IFERROR(_xlfn.XLOOKUP($B52,'Paste Here'!$A:$A,'Paste Here'!N:N),0) -> 193785.35 | P52: =IFERROR(_xlfn.XLOOKUP($B52,'Paste Here'!$A:$A,'Paste Here'!O:O),0) -> 193785.35 | Q52: =IFERROR(_xlfn.XLOOKUP($B52,'Paste Here'!$A:$A,'Paste Here'!P:P),0) -> 193785.35 | R52: =IFERROR(_xlfn.XLOOKUP($B52,'Paste Here'!$A:$A,'Paste Here'!Q:Q),0) -> 193785.35 | S52: =IFERROR(_xlfn.XLOOKUP($B52,'Paste Here'!$A:$A,'Paste Here'!R:R),0) -> 193785.35 | T52: =IFERROR(_xlfn.XLOOKUP($B52,'Paste Here'!$A:$A,'Paste Here'!S:S),0) -> 193785.35 | U52: =IFERROR(_xlfn.XLOOKUP($B52,'Paste Here'!$A:$A,'Paste Here'!T:T),0) -> 193785.35 | V52: =IFERROR(_xlfn.XLOOKUP($B52,'Paste Here'!$A:$A,'Paste Here'!U:U),0) -> 193785.35 | W52: =IFERROR(_xlfn.XLOOKUP($B52,'Paste Here'!$A:$A,'Paste Here'!V:V),0) -> 193785.35 | X52: =IFERROR(_xlfn.XLOOKUP($B52,'Paste Here'!$A:$A,'Paste Here'!W:W),0) -> 193785.35 | Y52: =IFERROR(_xlfn.XLOOKUP($B52,'Paste Here'!$A:$A,'Paste Here'!X:X),0) -> 193785.35 | Z52: =IFERROR(_xlfn.XLOOKUP($B52,'Paste Here'!$A:$A,'Paste Here'!Y:Y),0) -> 193785.35 | AA52: =IFERROR(_xlfn.XLOOKUP($B52,'Paste Here'!$A:$A,'Paste Here'!Z:Z),0) -> 193785.35 | AB52: =IFERROR(_xlfn.XLOOKUP($B52,'Paste Here'!$A:$A,'Paste Here'!AA:AA),0) -> 193785.35 | AC52: =IFERROR(_xlfn.XLOOKUP($B52,'Paste Here'!$A:$A,'Paste Here'!AB:AB),0) -> 193785.35 | AD52: =IFERROR(_xlfn.XLOOKUP($B52,'Paste Here'!$A:$A,'Paste Here'!AC:AC),0) -> 193785.35 | AE52: =IFERROR(_xlfn.XLOOKUP($B52,'Paste Here'!$A:$A,'Paste Here'!AD:AD),0) -> 193785.35 | AF52: =IFERROR(_xlfn.XLOOKUP($B52,'Paste Here'!$A:$A,'Paste Here'!AE:AE),0) -> 193785.35 | AG52: =IFERROR(_xlfn.XLOOKUP($B52,'Paste Here'!$A:$A,'Paste Here'!AF:AF),0) -> 193785.35 | AH52: =IFERROR(_xlfn.XLOOKUP($B52,'Paste Here'!$A:$A,'Paste Here'!AG:AG),0) -> 193785.35
B53: Total Storage Utilization | C53: =IFERROR(_xlfn.XLOOKUP($B53,'Paste Here'!$A:$A,'Paste Here'!B:B),0) -> 0.64599827 | D53: =IFERROR(_xlfn.XLOOKUP($B53,'Paste Here'!$A:$A,'Paste Here'!C:C),0) -> 0.63386629 | E53: =IFERROR(_xlfn.XLOOKUP($B53,'Paste Here'!$A:$A,'Paste Here'!D:D),0) -> 0.62656439 | F53: =IFERROR(_xlfn.XLOOKUP($B53,'Paste Here'!$A:$A,'Paste Here'!E:E),0) -> 0.61366352 | G53: =IFERROR(_xlfn.XLOOKUP($B53,'Paste Here'!$A:$A,'Paste Here'!F:F),0) -> 0.58362513 | H53: =IFERROR(_xlfn.XLOOKUP($B53,'Paste Here'!$A:$A,'Paste Here'!G:G),0) -> 0.56933612 | I53: =IFERROR(_xlfn.XLOOKUP($B53,'Paste Here'!$A:$A,'Paste Here'!H:H),0) -> 0.55780816 | J53: =IFERROR(_xlfn.XLOOKUP($B53,'Paste Here'!$A:$A,'Paste Here'!I:I),0) -> 0.56432 | K53: =IFERROR(_xlfn.XLOOKUP($B53,'Paste Here'!$A:$A,'Paste Here'!J:J),0) -> 0.57026118 | L53: =IFERROR(_xlfn.XLOOKUP($B53,'Paste Here'!$A:$A,'Paste Here'!K:K),0) -> 0.57895933 | M53: =IFERROR(_xlfn.XLOOKUP($B53,'Paste Here'!$A:$A,'Paste Here'!L:L),0) -> 0.59051788 | N53: =IFERROR(_xlfn.XLOOKUP($B53,'Paste Here'!$A:$A,'Paste Here'!M:M),0) -> 0.60197047 | O53: =IFERROR(_xlfn.XLOOKUP($B53,'Paste Here'!$A:$A,'Paste Here'!N:N),0) -> 0.5967152 | P53: =IFERROR(_xlfn.XLOOKUP($B53,'Paste Here'!$A:$A,'Paste Here'!O:O),0) -> 0.59367869 | Q53: =IFERROR(_xlfn.XLOOKUP($B53,'Paste Here'!$A:$A,'Paste Here'!P:P),0) -> 0.58159194 | R53: =IFERROR(_xlfn.XLOOKUP($B53,'Paste Here'!$A:$A,'Paste Here'!Q:Q),0) -> 0.58165326 | S53: =IFERROR(_xlfn.XLOOKUP($B53,'Paste Here'!$A:$A,'Paste Here'!R:R),0) -> 0.56182852 | T53: =IFERROR(_xlfn.XLOOKUP($B53,'Paste Here'!$A:$A,'Paste Here'!S:S),0) -> 0.52824502 | U53: =IFERROR(_xlfn.XLOOKUP($B53,'Paste Here'!$A:$A,'Paste Here'!T:T),0) -> 0.51310151 | V53: =IFERROR(_xlfn.XLOOKUP($B53,'Paste Here'!$A:$A,'Paste Here'!U:U),0) -> 0.52059958 | W53: =IFERROR(_xlfn.XLOOKUP($B53,'Paste Here'!$A:$A,'Paste Here'!V:V),0) -> 0.53032024 | X53: =IFERROR(_xlfn.XLOOKUP($B53,'Paste Here'!$A:$A,'Paste Here'!W:W),0) -> 0.53362706 | Y53: =IFERROR(_xlfn.XLOOKUP($B53,'Paste Here'!$A:$A,'Paste Here'!X:X),0) -> 0.52591836 | Z53: =IFERROR(_xlfn.XLOOKUP($B53,'Paste Here'!$A:$A,'Paste Here'!Y:Y),0) -> 0.51848486 | AA53: =IFERROR(_xlfn.XLOOKUP($B53,'Paste Here'!$A:$A,'Paste Here'!Z:Z),0) -> 0.50403039 | AB53: =IFERROR(_xlfn.XLOOKUP($B53,'Paste Here'!$A:$A,'Paste Here'!AA:AA),0) -> 0.49421425 | AC53: =IFERROR(_xlfn.XLOOKUP($B53,'Paste Here'!$A:$A,'Paste Here'!AB:AB),0) -> 0.48952926 | AD53: =IFERROR(_xlfn.XLOOKUP($B53,'Paste Here'!$A:$A,'Paste Here'!AC:AC),0) -> 0.49749328 | AE53: =IFERROR(_xlfn.XLOOKUP($B53,'Paste Here'!$A:$A,'Paste Here'!AD:AD),0) -> 0.50211059 | AF53: =IFERROR(_xlfn.XLOOKUP($B53,'Paste Here'!$A:$A,'Paste Here'!AE:AE),0) -> 0.50057875 | AG53: =IFERROR(_xlfn.XLOOKUP($B53,'Paste Here'!$A:$A,'Paste Here'!AF:AF),0) -> 0.48906768 | AH53: =IFERROR(_xlfn.XLOOKUP($B53,'Paste Here'!$A:$A,'Paste Here'!AG:AG),0) -> 0.4889366
B54: Utilization (DC Stock+Queue) | C54: =IFERROR(_xlfn.XLOOKUP($B54,'Paste Here'!$A:$A,'Paste Here'!B:B),0) -> 0.72769223 | D54: =IFERROR(_xlfn.XLOOKUP($B54,'Paste Here'!$A:$A,'Paste Here'!C:C),0) -> 0.70338809 | E54: =IFERROR(_xlfn.XLOOKUP($B54,'Paste Here'!$A:$A,'Paste Here'!D:D),0) -> 0.69758696 | F54: =IFERROR(_xlfn.XLOOKUP($B54,'Paste Here'!$A:$A,'Paste Here'!E:E),0) -> 0.72241892 | G54: =IFERROR(_xlfn.XLOOKUP($B54,'Paste Here'!$A:$A,'Paste Here'!F:F),0) -> 0.71152042 | H54: =IFERROR(_xlfn.XLOOKUP($B54,'Paste Here'!$A:$A,'Paste Here'!G:G),0) -> 0.703002 | I54: =IFERROR(_xlfn.XLOOKUP($B54,'Paste Here'!$A:$A,'Paste Here'!H:H),0) -> 0.67262798 | J54: =IFERROR(_xlfn.XLOOKUP($B54,'Paste Here'!$A:$A,'Paste Here'!I:I),0) -> 0.66531794 | K54: =IFERROR(_xlfn.XLOOKUP($B54,'Paste Here'!$A:$A,'Paste Here'!J:J),0) -> 0.64877286 | L54: =IFERROR(_xlfn.XLOOKUP($B54,'Paste Here'!$A:$A,'Paste Here'!K:K),0) -> 0.64029813 | M54: =IFERROR(_xlfn.XLOOKUP($B54,'Paste Here'!$A:$A,'Paste Here'!L:L),0) -> 0.63817711 | N54: =IFERROR(_xlfn.XLOOKUP($B54,'Paste Here'!$A:$A,'Paste Here'!M:M),0) -> 0.63511005 | O54: =IFERROR(_xlfn.XLOOKUP($B54,'Paste Here'!$A:$A,'Paste Here'!N:N),0) -> 0.61806049 | P54: =IFERROR(_xlfn.XLOOKUP($B54,'Paste Here'!$A:$A,'Paste Here'!O:O),0) -> 0.6151847 | Q54: =IFERROR(_xlfn.XLOOKUP($B54,'Paste Here'!$A:$A,'Paste Here'!P:P),0) -> 0.60373768 | R54: =IFERROR(_xlfn.XLOOKUP($B54,'Paste Here'!$A:$A,'Paste Here'!Q:Q),0) -> 0.60379575 | S54: =IFERROR(_xlfn.XLOOKUP($B54,'Paste Here'!$A:$A,'Paste Here'!R:R),0) -> 0.58502032 | T54: =IFERROR(_xlfn.XLOOKUP($B54,'Paste Here'!$A:$A,'Paste Here'!S:S),0) -> 0.55321434 | U54: =IFERROR(_xlfn.XLOOKUP($B54,'Paste Here'!$A:$A,'Paste Here'!T:T),0) -> 0.53887236 | V54: =IFERROR(_xlfn.XLOOKUP($B54,'Paste Here'!$A:$A,'Paste Here'!U:U),0) -> 0.54597356 | W54: =IFERROR(_xlfn.XLOOKUP($B54,'Paste Here'!$A:$A,'Paste Here'!V:V),0) -> 0.55517972 | X54: =IFERROR(_xlfn.XLOOKUP($B54,'Paste Here'!$A:$A,'Paste Here'!W:W),0) -> 0.55831152 | Y54: =IFERROR(_xlfn.XLOOKUP($B54,'Paste Here'!$A:$A,'Paste Here'!X:X),0) -> 0.55101082 | Z54: =IFERROR(_xlfn.XLOOKUP($B54,'Paste Here'!$A:$A,'Paste Here'!Y:Y),0) -> 0.54397077 | AA54: =IFERROR(_xlfn.XLOOKUP($B54,'Paste Here'!$A:$A,'Paste Here'!Z:Z),0) -> 0.53028135 | AB54: =IFERROR(_xlfn.XLOOKUP($B54,'Paste Here'!$A:$A,'Paste Here'!AA:AA),0) -> 0.52098477 | AC54: =IFERROR(_xlfn.XLOOKUP($B54,'Paste Here'!$A:$A,'Paste Here'!AB:AB),0) -> 0.51654775 | AD54: =IFERROR(_xlfn.XLOOKUP($B54,'Paste Here'!$A:$A,'Paste Here'!AC:AC),0) -> 0.52409025 | AE54: =IFERROR(_xlfn.XLOOKUP($B54,'Paste Here'!$A:$A,'Paste Here'!AD:AD),0) -> 0.52846317 | AF54: =IFERROR(_xlfn.XLOOKUP($B54,'Paste Here'!$A:$A,'Paste Here'!AE:AE),0) -> 0.52701241 | AG54: =IFERROR(_xlfn.XLOOKUP($B54,'Paste Here'!$A:$A,'Paste Here'!AF:AF),0) -> 0.51611061 | AH54: =IFERROR(_xlfn.XLOOKUP($B54,'Paste Here'!$A:$A,'Paste Here'!AG:AG),0) -> 0.51598646
B55: previous STP | C55: 0.72769223 | D55: 0.70338809 | E55: 0.69758696 | F55: 0.72241892 | G55: 0.70732044 | H55: 0.70517965 | I55: 0.69363345 | J55: 0.68135752 | K55: 0.66480818 | L55: 0.65769694 | M55: 0.65170227 | N55: 0.64479049 | O55: 0.62189228 | P55: 0.61038573 | Q55: 0.60265504 | R55: 0.59944271 | S55: 0.58680938 | T55: 0.55672714 | U55: 0.54266511 | V55: 0.55279664 | W55: 0.56405021 | X55: 0.56952526 | Y55: 0.56190824 | Z55: 0.55051859 | AA55: 0.53757971 | AB55: 0.52876627 | AC55: 0.52743029 | AD55: 0.53702388 | AE55: 0.54069004 | AF55: 0.53975818
G57: OUTBOUND DC to STO CDC WK37 org 20k m3

Sheet Paste Here
A1: DC_Summary_Measures | B1: 202631 | C1: 202632 | D1: 202633 | E1: 202634 | F1: 202635 | G1: 202636 | H1: 202637 | I1: 202638 | J1: 202639 | K1: 202640 | L1: 202641 | M1: 202642 | N1: 202643 | O1: 202644 | P1: 202645 | Q1: 202646 | R1: 202647 | S1: 202648 | T1: 202649 | U1: 202650 | V1: 202651 | W1: 202652 | X1: 202653 | Y1: 202701 | Z1: 202702 | AA1: 202703 | AB1: 202704 | AC1: 202705 | AD1: 202706 | AE1: 202707 | AF1: 202708 | AG1: 202709 | AI1: All Dates | AJ1: All Dates | AK1: All Dates | AL1: All Dates | AM1: All Dates | AN1: All Dates
A2: Forecast Flag | B2: ACT | C2: ACT | D2: ACT | E2: ACT | F2: ACT | G2: ACT | H2: FCST | I2: FCST | J2: FCST | K2: FCST | L2: FCST | M2: FCST | N2: FCST | O2: FCST | P2: FCST | Q2: FCST | R2: FCST | S2: FCST | T2: FCST | U2: FCST | V2: FCST | W2: FCST | X2: FCST | Y2: FCST | Z2: FCST | AA2: FCST | AB2: FCST | AC2: FCST | AD2: FCST | AE2: FCST | AF2: FCST | AG2: FCST | AI2: FCST | AJ2: FCST | AK2: FCST | AL2: FCST | AM2: FCST | AN2: FCST
A3: DC In to Stock | B3: 12448.036 | C3: 11717.21 | D3: 10275.364 | E3: 10026.023 | F3: 10575.209 | G3: 10369.806 | H3: 14672.4 | I3: 15349.058 | J3: 14353.114 | K3: 14978.464 | L3: 15395.957 | M3: 15299.085 | N3: 13189.965 | O3: 13246.09 | P3: 11270.433 | Q3: 13347.993 | R3: 9557.7072 | S3: 9005.6085 | T3: 10459.95 | U3: 12415.626 | V3: 12021.141 | W3: 12413.763 | X3: 12822.596 | Y3: 13275.148 | Z3: 11291.124 | AA3: 10589.557 | AB3: 11731.237 | AC3: 14005.41 | AD3: 13519.747 | AE3: 12613.553 | AF3: 13414.414 | AG3: 12304.597 | AI3: 59657.227 | AJ3: 63797.921 | AK3: 46568.319 | AL3: 53143.4 | AM3: 52382.465 | AN3: 53553.123
A4: Total DC In to Stock (Queue Corrected) | B4: 17464.036 | C4: 9095.21 | D4: 10503.364 | E4: 17607.023 | F4: 14166.209 | G4: 11395.806 | H4: 10691.36 | I4: 12591.412 | J4: 9816.4227 | K4: 11558.831 | L4: 12722.087 | M4: 12452.173 | N4: 10719.757 | O4: 13246.09 | P4: 11270.433 | Q4: 13347.993 | R4: 9557.7072 | S4: 9005.6085 | T4: 10459.95 | U4: 12415.626 | V4: 12021.141 | W4: 12413.763 | X4: 12822.596 | Y4: 13275.148 | Z4: 11291.124 | AA4: 10589.557 | AB4: 11731.237 | AC4: 14005.41 | AD4: 13519.747 | AE4: 12613.553 | AF4: 13414.414 | AG4: 12304.597 | AI4: 44962.217 | AJ4: 55806.932 | AK4: 46568.319 | AL4: 53143.4 | AM4: 52382.465 | AN4: 53553.123
A5: DC In to Stock from other BU | B5: 191.422 | C5: 51.861 | D5: 0 | E5: 0 | F5: 0 | G5: 0.519 | H5: 5.271 | I5: 0 | J5: 0 | K5: 0 | L5: 0 | M5: 0 | N5: 0 | O5: 0 | P5: 0 | Q5: 0 | R5: 0 | S5: 0 | T5: 0 | U5: 0 | V5: 0 | W5: 0 | X5: 0 | Y5: 0 | Z5: 0 | AA5: 0 | AB5: 0 | AC5: 0 | AD5: 0 | AE5: 0 | AF5: 0 | AG5: 0 | AI5: 5.271 | AJ5: 0 | AK5: 0 | AL5: 0 | AM5: 0 | AN5: 0
A6: DC Replenishment and Other Inflow | B6: 17655.458 | C6: 9147.071 | D6: 10503.364 | E6: 17607.023 | F6: 14166.209 | G6: 11396.325 | H6: 10696.631 | I6: 12591.412 | J6: 9816.4227 | K6: 11558.831 | L6: 12722.087 | M6: 12452.173 | N6: 10719.757 | O6: 13246.09 | P6: 11270.433 | Q6: 13347.993 | R6: 9557.7072 | S6: 9005.6085 | T6: 10459.95 | U6: 12415.626 | V6: 12021.141 | W6: 12413.763 | X6: 12822.596 | Y6: 13275.148 | Z6: 11291.124 | AA6: 10589.557 | AB6: 11731.237 | AC6: 14005.41 | AD6: 13519.747 | AE6: 12613.553 | AF6: 13414.414 | AG6: 12304.597 | AI6: 44967.488 | AJ6: 55806.932 | AK6: 46568.319 | AL6: 53143.4 | AM6: 52382.465 | AN6: 53553.123
A7: Total Transit IN | B7: 6489.953 | C7: 8016.13 | D7: 8413.51 | E7: 7785.01 | F7: 8503.834 | G7: 7333.47 | H7: 11180.797 | I7: 8371.813 | J7: 10117.606 | K7: 8669.836 | L7: 8260.056 | M7: 9513.43 | N7: 10133.84 | O7: 9543.5 | P7: 9795 | Q7: 9766.62 | R7: 9361.33 | S7: 9499.2 | T7: 9012.3 | U7: 7789.93 | V7: 7887.95 | W7: 9269.71 | X7: 9218.44 | Y7: 9113.91 | Z7: 5638.46 | AA7: 6800.35 | AB7: 8111.14 | AC7: 8464.46 | AD7: 8640.17 | AE7: 8750.52 | AF7: 9396.13 | AG7: 8209.99 | AI7: 39812.512 | AJ7: 41059.98 | AK7: 41010.472 | AL7: 38487.286 | AM7: 33079.842 | AN7: 35251.28
A8: Total Inflow | B8: 19129.411 | C8: 19785.201 | D8: 18688.874 | E8: 17811.033 | F8: 19079.043 | G8: 17703.795 | H8: 25858.468 | I8: 23720.871 | J8: 24470.72 | K8: 23648.3 | L8: 23656.013 | M8: 24812.515 | N8: 23323.805 | O8: 22789.59 | P8: 21065.433 | Q8: 23114.613 | R8: 18919.037 | S8: 18504.808 | T8: 19472.25 | U8: 20205.556 | V8: 19909.091 | W8: 21683.473 | X8: 22041.036 | Y8: 22389.058 | Z8: 16929.584 | AA8: 17389.907 | AB8: 19842.377 | AC8: 22469.87 | AD8: 22159.917 | AE8: 21364.073 | AF8: 22810.544 | AG8: 20514.587 | AI8: 99475.01 | AJ8: 104857.9 | AK8: 87578.791 | AL8: 91630.686 | AM8: 85462.307 | AN8: 88804.403
A9: Total Inflow (Queue Corrected) | B9: 24145.411 | C9: 17163.201 | D9: 18916.874 | E9: 25392.033 | F9: 22670.043 | G9: 18729.795 | H9: 21877.428 | I9: 20963.225 | J9: 19934.029 | K9: 20228.667 | L9: 20982.143 | M9: 21965.603 | N9: 20853.597 | O9: 22789.59 | P9: 21065.433 | Q9: 23114.613 | R9: 18919.037 | S9: 18504.808 | T9: 19472.25 | U9: 20205.556 | V9: 19909.091 | W9: 21683.473 | X9: 22041.036 | Y9: 22389.058 | Z9: 16929.584 | AA9: 17389.907 | AB9: 19842.377 | AC9: 22469.87 | AD9: 22159.917 | AE9: 21364.073 | AF9: 22810.544 | AG9: 20514.587 | AI9: 84780 | AJ9: 96866.912 | AK9: 87578.791 | AL9: 91630.686 | AM9: 85462.307 | AN9: 88804.403
A10: Land Volume (DC Stock) | B10: 4918.005 | C10: 4182.286 | D10: 4576.384 | E10: 4214.885 | F10: 4870.572 | G10: 4541.383 | H10: 3837.1293 | I10: 4519.0577 | J10: 3523.1141 | K10: 4148.4644 | L10: 4565.957 | M10: 4469.085 | N10: 3847.321 | O10: 4754.0217 | P10: 4044.9585 | Q10: 4790.5945 | R10: 3430.2611 | S10: 3232.1129 | T10: 3754.0762 | U10: 4455.9683 | V10: 4314.3876 | W10: 4455.2996 | X10: 4602.0298 | Y10: 4764.4505 | Z10: 4052.3846 | AA10: 3800.592 | AB10: 4210.3411 | AC10: 5026.5417 | AD10: 4852.237 | AE10: 4527.0042 | AF10: 4814.433 | AG10: 4416.1199 | AI10: 16558.29 | AJ10: 20029.108 | AK10: 16713.37 | AL10: 19073.166 | AM10: 18800.067 | AN10: 19220.216
A11: Land Volume (Transit) | B11: 6489.953 | C11: 8016.13 | D11: 8413.51 | E11: 7785.01 | F11: 8503.834 | G11: 7333.47 | H11: 11180.797 | I11: 8371.813 | J11: 10117.606 | K11: 8669.836 | L11: 8260.056 | M11: 9513.43 | N11: 10133.84 | O11: 9543.5 | P11: 9795 | Q11: 9766.62 | R11: 9361.33 | S11: 9499.2 | T11: 9012.3 | U11: 7789.93 | V11: 7887.95 | W11: 9269.71 | X11: 9218.44 | Y11: 9113.91 | Z11: 5638.46 | AA11: 6800.35 | AB11: 8111.14 | AC11: 8464.46 | AD11: 8640.17 | AE11: 8750.52 | AF11: 9396.13 | AG11: 8209.99 | AI11: 39812.512 | AJ11: 41059.98 | AK11: 41010.472 | AL11: 38487.286 | AM11: 33079.842 | AN11: 35251.28
A12: Ocean Volume (DC Stock) | B12: 12737.453 | C12: 4964.785 | D12: 5926.98 | E12: 13392.138 | F12: 9295.637 | G12: 6854.942 | H12: 6854.2312 | I12: 8072.3542 | J12: 6293.3086 | K12: 7410.3665 | L12: 8156.1299 | M12: 7983.0882 | N12: 6872.4365 | O12: 8492.0683 | P12: 7225.4748 | Q12: 8557.3981 | R12: 6127.4461 | S12: 5773.4956 | T12: 6705.8742 | U12: 7959.6581 | V12: 7706.7536 | W12: 7958.4635 | X12: 8220.5665 | Y12: 8510.6972 | Z12: 7238.7399 | AA12: 6788.965 | AB12: 7520.8962 | AC12: 8978.8684 | AD12: 8667.5095 | AE12: 8086.5489 | AF12: 8599.9805 | AG12: 7888.4772 | AI12: 28403.926 | AJ12: 35777.824 | AK12: 29854.949 | AL12: 34070.234 | AM12: 33582.398 | AN12: 34332.907
A13: Ocean Volume (Transit) | B13: 0 | C13: 0 | D13: 0 | E13: 0 | F13: 0 | G13: 0 | H13: 0 | I13: 0 | J13: 0 | K13: 0 | L13: 0 | M13: 0 | N13: 0 | O13: 0 | P13: 0 | Q13: 0 | R13: 0 | S13: 0 | T13: 0 | U13: 0 | V13: 0 | W13: 0 | X13: 0 | Y13: 0 | Z13: 0 | AA13: 0 | AB13: 0 | AC13: 0 | AD13: 0 | AE13: 0 | AF13: 0 | AG13: 0 | AI13: 0 | AJ13: 0 | AK13: 0 | AL13: 0 | AM13: 0 | AN13: 0
A14: DC Out from Stock to STO | B14: 10007.477 | C14: 9971.09 | D14: 8690.573 | E14: 8999.521 | F14: 10979.087 | G14: 10368.393 | H14: 13011.914 | I14: 10361.632 | J14: 9605.3559 | K14: 9730.1158 | L14: 9577.47 | M14: 9686.05 | N14: 10576.204 | O14: 10232.15 | P14: 9955.74 | Q14: 9866.92 | R14: 9510.11 | S14: 11271.228 | T14: 9922.08 | U14: 8213.43 | V14: 7736.6697 | W14: 8425.5584 | X14: 10522.06 | Y14: 10053.91 | Z14: 9648.93 | AA14: 8724.967 | AB14: 8859.7761 | AC14: 8737.9016 | AD14: 8736.85 | AE14: 8813.888 | AF14: 11255.76 | AG14: 8833.2 | AI14: 45140.283 | AJ14: 45279.487 | AK14: 42979.728 | AL14: 39229.558 | AM14: 41725.133 | AN14: 37544.4
... A46: Utilization (DC Stock+Queue) | B46: 0.72769223 | C46: 0.70338809 | D46: 0.69758696 | E46: 0.72241892 | F46: 0.71152042 | G46: 0.703002 | H46: 0.67262798 | I46: 0.66531794 | J46: 0.64877286 | K46: 0.64029813 | L46: 0.63817711 | M46: 0.63511005 | N46: 0.61806049 | O46: 0.6151847 | P46: 0.60373768 | Q46: 0.60379575 | R46: 0.58502032 | S46: 0.55321434 | T46: 0.53887236 | U46: 0.54597356 | V46: 0.55517972 | W46: 0.55831152 | X46: 0.55101082 | Y46: 0.54397077 | Z46: 0.53028135 | AA46: 0.52098477 | AB46: 0.51654775 | AC46: 0.52409025 | AD46: 0.52846317 | AE46: 0.52701241 | AF46: 0.51611061 | AG46: 0.51598646 | AI46: 0.64029813 | AJ46: 0.6151847 | AK46: 0.53887236 | AL46: 0.55101082 | AM46: 0.51654775 | AN46: 0.51611061

Sheet Sheet1
A2: Total Upside Handling Capacity Utilization % (Queue Corrected) | B2: Week
A3: =_xlfn.XLOOKUP($A$2,Overview_Report!$B:$B,Overview_Report!I:I) -> 0.79866656
A4: =_xlfn.XLOOKUP($A$2,Overview_Report!$B:$B,Overview_Report!J:J) -> 0.69408891
A5: =_xlfn.XLOOKUP($A$2,Overview_Report!$B:$B,Overview_Report!K:K) -> 0.69139129
A6: =_xlfn.XLOOKUP($A$2,Overview_Report!$B:$B,Overview_Report!L:L) -> 0.67441491
A7: =_xlfn.XLOOKUP($A$2,Overview_Report!$B:$B,Overview_Report!M:M) -> 0.67772191
A8: =_xlfn.XLOOKUP($A$2,Overview_Report!$B:$B,Overview_Report!N:N) -> 0.71225667
A9: =_xlfn.XLOOKUP($A$2,Overview_Report!$B:$B,Overview_Report!O:O) -> 0.72243929
A10: =_xlfn.XLOOKUP($A$2,Overview_Report!$B:$B,Overview_Report!P:P) -> 0.73797338
A11: =_xlfn.XLOOKUP($A$2,Overview_Report!$B:$B,Overview_Report!Q:Q) -> 0.71088727
A12: =_xlfn.XLOOKUP($A$2,Overview_Report!$B:$B,Overview_Report!R:R) -> 0.73876833
A13: =_xlfn.XLOOKUP($A$2,Overview_Report!$B:$B,Overview_Report!S:S) -> 0.66623755
A14: =_xlfn.XLOOKUP($A$2,Overview_Report!$B:$B,Overview_Report!T:T) -> 0.69561401
A15: =_xlfn.XLOOKUP($A$2,Overview_Report!$B:$B,Overview_Report!U:U) -> 0.66942287
A16: =_xlfn.XLOOKUP($A$2,Overview_Report!$B:$B,Overview_Report!V:V) -> 0.62273178
A17: =_xlfn.XLOOKUP($A$2,Overview_Report!$B:$B,Overview_Report!W:W) -> 0.60636932
A18: =_xlfn.XLOOKUP($A$2,Overview_Report!$B:$B,Overview_Report!X:X) -> 0.68296255
A19: =_xlfn.XLOOKUP($A$2,Overview_Report!$B:$B,Overview_Report!Y:Y) -> 0.7285152
A20: =_xlfn.XLOOKUP($A$2,Overview_Report!$B:$B,Overview_Report!Z:Z) -> 0.73878872
A21: =_xlfn.XLOOKUP($A$2,Overview_Report!$B:$B,Overview_Report!AA:AA) -> 0.58600125
A22: =_xlfn.XLOOKUP($A$2,Overview_Report!$B:$B,Overview_Report!AB:AB) -> 0.58634975
A23: =_xlfn.XLOOKUP($A$2,Overview_Report!$B:$B,Overview_Report!AC:AC) -> 0.64885935
A24: =_xlfn.XLOOKUP($A$2,Overview_Report!$B:$B,Overview_Report!AD:AD) -> 0.69367702
A25: =_xlfn.XLOOKUP($A$2,Overview_Report!$B:$B,Overview_Report!AE:AE) -> 0.69413476
A26: =_xlfn.XLOOKUP($A$2,Overview_Report!$B:$B,Overview_Report!AF:AF) -> 0.68773973
A27: =_xlfn.XLOOKUP($A$2,Overview_Report!$B:$B,Overview_Report!AG:AG) -> 0.76489399
A28: =_xlfn.XLOOKUP($A$2,Overview_Report!$B:$B,Overview_Report!AH:AH) -> 0.6562433

Sheet Cognos_Office_Connection_Cache

Sheet Act Data Set
C2: -Actual
C3: =Overview_Report!C3 -> Actuals | D3: =Overview_Report!D3 -> 0 | E3: =Overview_Report!E3 -> 0 | F3: =Overview_Report!F3 -> 0 | G3: =Overview_Report!G3 -> 0 | H3: =Overview_Report!H3 -> 0 | I3: =Overview_Report!I3 -> Forecast | J3: =Overview_Report!J3 -> 0 | ... V3: =Overview_Report!V3 -> 0
C5: =Overview_Report!C5 -> 202631 | D5: =Overview_Report!D5 -> 202632 | E5: =Overview_Report!E5 -> 202633 | F5: =Overview_Report!F5 -> 202634 | G5: =Overview_Report!G5 -> 202635 | H5: =Overview_Report!H5 -> 202636 | I5: =Overview_Report!I5 -> 202637 | J5: =Overview_Report!J5 -> 202638 | ... V5: =Overview_Report!V5 -> 202650
B6: DC In to Stock | C6: =_xlfn.XLOOKUP($B6,Overview_Report!$B:$B,Overview_Report!C:C) -> 12448.036 | D6: =_xlfn.XLOOKUP($B6,Overview_Report!$B:$B,Overview_Report!D:D) -> 11717.21 | E6: =_xlfn.XLOOKUP($B6,Overview_Report!$B:$B,Overview_Report!E:E) -> 10275.364 | F6: =_xlfn.XLOOKUP($B6,Overview_Report!$B:$B,Overview_Report!F:F) -> 10026.023 | G6: =_xlfn.XLOOKUP($B6,Overview_Report!$B:$B,Overview_Report!G:G) -> 10575.209 | H6: =_xlfn.XLOOKUP($B6,Overview_Report!$B:$B,Overview_Report!H:H) -> 10369.806
A7: SUP to DC excl. Transit (queue corr) | B7: Total DC In to Stock (Queue Corrected) | C7: =_xlfn.XLOOKUP($B7,Overview_Report!$B:$B,Overview_Report!C:C) -> 17464.036 | D7: =_xlfn.XLOOKUP($B7,Overview_Report!$B:$B,Overview_Report!D:D) -> 9095.21 | E7: =_xlfn.XLOOKUP($B7,Overview_Report!$B:$B,Overview_Report!E:E) -> 10503.364 | F7: =_xlfn.XLOOKUP($B7,Overview_Report!$B:$B,Overview_Report!F:F) -> 17607.023 | G7: =_xlfn.XLOOKUP($B7,Overview_Report!$B:$B,Overview_Report!G:G) -> 14166.209 | H7: =_xlfn.XLOOKUP($B7,Overview_Report!$B:$B,Overview_Report!H:H) -> 11395.806
A8: Other Inflow (clearings) | B8: DC In to Stock from other BU | C8: =_xlfn.XLOOKUP($B8,Overview_Report!$B:$B,Overview_Report!C:C) -> 191.422 | D8: =_xlfn.XLOOKUP($B8,Overview_Report!$B:$B,Overview_Report!D:D) -> 51.861 | E8: =_xlfn.XLOOKUP($B8,Overview_Report!$B:$B,Overview_Report!E:E) -> 0 | F8: =_xlfn.XLOOKUP($B8,Overview_Report!$B:$B,Overview_Report!F:F) -> 0 | G8: =_xlfn.XLOOKUP($B8,Overview_Report!$B:$B,Overview_Report!G:G) -> 0 | H8: =_xlfn.XLOOKUP($B8,Overview_Report!$B:$B,Overview_Report!H:H) -> 0.519
A9: SUP to DC excl. Transit (queue corr) | B9: DC Replenishment and Other Inflow | C9: =_xlfn.XLOOKUP($B9,Overview_Report!$B:$B,Overview_Report!C:C) -> 17655.458 | D9: =_xlfn.XLOOKUP($B9,Overview_Report!$B:$B,Overview_Report!D:D) -> 9147.071 | E9: =_xlfn.XLOOKUP($B9,Overview_Report!$B:$B,Overview_Report!E:E) -> 10503.364 | F9: =_xlfn.XLOOKUP($B9,Overview_Report!$B:$B,Overview_Report!F:F) -> 17607.023 | G9: =_xlfn.XLOOKUP($B9,Overview_Report!$B:$B,Overview_Report!G:G) -> 14166.209 | H9: =_xlfn.XLOOKUP($B9,Overview_Report!$B:$B,Overview_Report!H:H) -> 11396.325
A10: Transit IN | B10: Total Transit IN | C10: =_xlfn.XLOOKUP($B10,Overview_Report!$B:$B,Overview_Report!C:C) -> 6489.953 | D10: =_xlfn.XLOOKUP($B10,Overview_Report!$B:$B,Overview_Report!D:D) -> 8016.13 | E10: =_xlfn.XLOOKUP($B10,Overview_Report!$B:$B,Overview_Report!E:E) -> 8413.51 | F10: =_xlfn.XLOOKUP($B10,Overview_Report!$B:$B,Overview_Report!F:F) -> 7785.01 | G10: =_xlfn.XLOOKUP($B10,Overview_Report!$B:$B,Overview_Report!G:G) -> 8503.834 | H10: =_xlfn.XLOOKUP($B10,Overview_Report!$B:$B,Overview_Report!H:H) -> 7333.47
B11: Total Inflow | C11: =_xlfn.XLOOKUP($B11,Overview_Report!$B:$B,Overview_Report!C:C) -> 19129.411 | D11: =_xlfn.XLOOKUP($B11,Overview_Report!$B:$B,Overview_Report!D:D) -> 19785.201 | E11: =_xlfn.XLOOKUP($B11,Overview_Report!$B:$B,Overview_Report!E:E) -> 18688.874 | F11: =_xlfn.XLOOKUP($B11,Overview_Report!$B:$B,Overview_Report!F:F) -> 17811.033 | G11: =_xlfn.XLOOKUP($B11,Overview_Report!$B:$B,Overview_Report!G:G) -> 19079.043 | H11: =_xlfn.XLOOKUP($B11,Overview_Report!$B:$B,Overview_Report!H:H) -> 17703.795
A12: TOTAL INFLOW (queue corr) | B12: Total Inflow (Queue Corrected) | C12: =_xlfn.XLOOKUP($B12,Overview_Report!$B:$B,Overview_Report!C:C) -> 24145.411 | D12: =_xlfn.XLOOKUP($B12,Overview_Report!$B:$B,Overview_Report!D:D) -> 17163.201 | E12: =_xlfn.XLOOKUP($B12,Overview_Report!$B:$B,Overview_Report!E:E) -> 18916.874 | F12: =_xlfn.XLOOKUP($B12,Overview_Report!$B:$B,Overview_Report!F:F) -> 25392.033 | G12: =_xlfn.XLOOKUP($B12,Overview_Report!$B:$B,Overview_Report!G:G) -> 22670.043 | H12: =_xlfn.XLOOKUP($B12,Overview_Report!$B:$B,Overview_Report!H:H) -> 18729.795
B13: Land Volume (DC Stock) | C13: =_xlfn.XLOOKUP($B13,Overview_Report!$B:$B,Overview_Report!C:C) -> 4918.005 | D13: =_xlfn.XLOOKUP($B13,Overview_Report!$B:$B,Overview_Report!D:D) -> 4182.286 | E13: =_xlfn.XLOOKUP($B13,Overview_Report!$B:$B,Overview_Report!E:E) -> 4576.384 | F13: =_xlfn.XLOOKUP($B13,Overview_Report!$B:$B,Overview_Report!F:F) -> 4214.885 | G13: =_xlfn.XLOOKUP($B13,Overview_Report!$B:$B,Overview_Report!G:G) -> 4870.572 | H13: =_xlfn.XLOOKUP($B13,Overview_Report!$B:$B,Overview_Report!H:H) -> 4541.383
A14: DC to Store (excl. Transit) | B14: Land Volume (Transit) | C14: =_xlfn.XLOOKUP($B14,Overview_Report!$B:$B,Overview_Report!C:C) -> 6489.953 | D14: =_xlfn.XLOOKUP($B14,Overview_Report!$B:$B,Overview_Report!D:D) -> 8016.13 | E14: =_xlfn.XLOOKUP($B14,Overview_Report!$B:$B,Overview_Report!E:E) -> 8413.51 | F14: =_xlfn.XLOOKUP($B14,Overview_Report!$B:$B,Overview_Report!F:F) -> 7785.01 | G14: =_xlfn.XLOOKUP($B14,Overview_Report!$B:$B,Overview_Report!G:G) -> 8503.834 | H14: =_xlfn.XLOOKUP($B14,Overview_Report!$B:$B,Overview_Report!H:H) -> 7333.47
A15: DC to CDC | B15: Ocean Volume (DC Stock) | C15: =_xlfn.XLOOKUP($B15,Overview_Report!$B:$B,Overview_Report!C:C) -> 12737.453 | D15: =_xlfn.XLOOKUP($B15,Overview_Report!$B:$B,Overview_Report!D:D) -> 4964.785 | E15: =_xlfn.XLOOKUP($B15,Overview_Report!$B:$B,Overview_Report!E:E) -> 5926.98 | F15: =_xlfn.XLOOKUP($B15,Overview_Report!$B:$B,Overview_Report!F:F) -> 13392.138 | G15: =_xlfn.XLOOKUP($B15,Overview_Report!$B:$B,Overview_Report!G:G) -> 9295.637 | H15: =_xlfn.XLOOKUP($B15,Overview_Report!$B:$B,Overview_Report!H:H) -> 6854.942
A16: Other Outflow (clearings) | B16: Ocean Volume (Transit) | C16: =_xlfn.XLOOKUP($B16,Overview_Report!$B:$B,Overview_Report!C:C) -> 0 | D16: =_xlfn.XLOOKUP($B16,Overview_Report!$B:$B,Overview_Report!D:D) -> 0 | E16: =_xlfn.XLOOKUP($B16,Overview_Report!$B:$B,Overview_Report!E:E) -> 0 | F16: =_xlfn.XLOOKUP($B16,Overview_Report!$B:$B,Overview_Report!F:F) -> 0 | G16: =_xlfn.XLOOKUP($B16,Overview_Report!$B:$B,Overview_Report!G:G) -> 0 | H16: =_xlfn.XLOOKUP($B16,Overview_Report!$B:$B,Overview_Report!H:H) -> 0
B17: - | C17: =_xlfn.XLOOKUP($B17,Overview_Report!$B:$B,Overview_Report!C:C) -> 0 | D17: =_xlfn.XLOOKUP($B17,Overview_Report!$B:$B,Overview_Report!D:D) -> 0 | E17: =_xlfn.XLOOKUP($B17,Overview_Report!$B:$B,Overview_Report!E:E) -> 0 | F17: =_xlfn.XLOOKUP($B17,Overview_Report!$B:$B,Overview_Report!F:F) -> 0 | G17: =_xlfn.XLOOKUP($B17,Overview_Report!$B:$B,Overview_Report!G:G) -> 0 | H17: =_xlfn.XLOOKUP($B17,Overview_Report!$B:$B,Overview_Report!H:H) -> 0
A18: Transit OUT | B18: DC Out from Stock to STO | C18: =_xlfn.XLOOKUP($B18,Overview_Report!$B:$B,Overview_Report!C:C) -> 10007.477 | D18: =_xlfn.XLOOKUP($B18,Overview_Report!$B:$B,Overview_Report!D:D) -> 9971.09 | E18: =_xlfn.XLOOKUP($B18,Overview_Report!$B:$B,Overview_Report!E:E) -> 8690.573 | F18: =_xlfn.XLOOKUP($B18,Overview_Report!$B:$B,Overview_Report!F:F) -> 8999.521 | G18: =_xlfn.XLOOKUP($B18,Overview_Report!$B:$B,Overview_Report!G:G) -> 10979.087 | H18: =_xlfn.XLOOKUP($B18,Overview_Report!$B:$B,Overview_Report!H:H) -> 10368.393
A19: TOTAL OUTFLOW | B19: DC Out from Stock to CDC | C19: =_xlfn.XLOOKUP($B19,Overview_Report!$B:$B,Overview_Report!C:C) -> 3629.419 | D19: =_xlfn.XLOOKUP($B19,Overview_Report!$B:$B,Overview_Report!D:D) -> 3876.867 | E19: =_xlfn.XLOOKUP($B19,Overview_Report!$B:$B,Overview_Report!E:E) -> 3382.087 | F19: =_xlfn.XLOOKUP($B19,Overview_Report!$B:$B,Overview_Report!F:F) -> 4102.25 | G19: =_xlfn.XLOOKUP($B19,Overview_Report!$B:$B,Overview_Report!G:G) -> 3643.755 | H19: =_xlfn.XLOOKUP($B19,Overview_Report!$B:$B,Overview_Report!H:H) -> 3723.711
B20: DC Out from Stock to other BU | C20: =_xlfn.XLOOKUP($B20,Overview_Report!$B:$B,Overview_Report!C:C) -> 297.823 | D20: =_xlfn.XLOOKUP($B20,Overview_Report!$B:$B,Overview_Report!D:D) -> 0 | E20: =_xlfn.XLOOKUP($B20,Overview_Report!$B:$B,Overview_Report!E:E) -> 0 | F20: =_xlfn.XLOOKUP($B20,Overview_Report!$B:$B,Overview_Report!F:F) -> 0 | G20: =_xlfn.XLOOKUP($B20,Overview_Report!$B:$B,Overview_Report!G:G) -> 201.254 | H20: =_xlfn.XLOOKUP($B20,Overview_Report!$B:$B,Overview_Report!H:H) -> 40.455
A21: Picking m3 | B21: Total DC Out from Stock | C21: =_xlfn.XLOOKUP($B21,Overview_Report!$B:$B,Overview_Report!C:C) -> 13934.719 | D21: =_xlfn.XLOOKUP($B21,Overview_Report!$B:$B,Overview_Report!D:D) -> 13847.957 | E21: =_xlfn.XLOOKUP($B21,Overview_Report!$B:$B,Overview_Report!E:E) -> 12072.66 | F21: =_xlfn.XLOOKUP($B21,Overview_Report!$B:$B,Overview_Report!F:F) -> 13101.771 | G21: =_xlfn.XLOOKUP($B21,Overview_Report!$B:$B,Overview_Report!G:G) -> 14824.096 | H21: =_xlfn.XLOOKUP($B21,Overview_Report!$B:$B,Overview_Report!H:H) -> 14132.559
B22: Total DC Out Transit | C22: =_xlfn.XLOOKUP($B22,Overview_Report!$B:$B,Overview_Report!C:C) -> 6815.12 | D22: =_xlfn.XLOOKUP($B22,Overview_Report!$B:$B,Overview_Report!D:D) -> 7643.706 | E22: =_xlfn.XLOOKUP($B22,Overview_Report!$B:$B,Overview_Report!E:E) -> 8230.709 | F22: =_xlfn.XLOOKUP($B22,Overview_Report!$B:$B,Overview_Report!F:F) -> 7483.62 | G22: =_xlfn.XLOOKUP($B22,Overview_Report!$B:$B,Overview_Report!G:G) -> 7821.638 | H22: =_xlfn.XLOOKUP($B22,Overview_Report!$B:$B,Overview_Report!H:H) -> 7754.769
A23: Picking OL | B23: Total Outbound | C23: =_xlfn.XLOOKUP($B23,Overview_Report!$B:$B,Overview_Report!C:C) -> 20749.839 | D23: =_xlfn.XLOOKUP($B23,Overview_Report!$B:$B,Overview_Report!D:D) -> 21491.663 | E23: =_xlfn.XLOOKUP($B23,Overview_Report!$B:$B,Overview_Report!E:E) -> 20303.369 | F23: =_xlfn.XLOOKUP($B23,Overview_Report!$B:$B,Overview_Report!F:F) -> 20585.391 | G23: =_xlfn.XLOOKUP($B23,Overview_Report!$B:$B,Overview_Report!G:G) -> 22645.734 | H23: =_xlfn.XLOOKUP($B23,Overview_Report!$B:$B,Overview_Report!H:H) -> 21887.328
B24: Picking % | C24: =_xlfn.XLOOKUP($B24,Overview_Report!$B:$B,Overview_Report!C:C) -> 0.057765427 | D24: =_xlfn.XLOOKUP($B24,Overview_Report!$B:$B,Overview_Report!D:D) -> 0.05707109 | E24: =_xlfn.XLOOKUP($B24,Overview_Report!$B:$B,Overview_Report!E:E) -> 0.082201934 | F24: =_xlfn.XLOOKUP($B24,Overview_Report!$B:$B,Overview_Report!F:F) -> 0.064379541 | G24: =_xlfn.XLOOKUP($B24,Overview_Report!$B:$B,Overview_Report!G:G) -> 0.073257486 | H24: =_xlfn.XLOOKUP($B24,Overview_Report!$B:$B,Overview_Report!H:H) -> 0.055953844
B25: Picking m3 | C25: =_xlfn.XLOOKUP($B25,Overview_Report!$B:$B,Overview_Report!C:C) -> 804.945 | D25: =_xlfn.XLOOKUP($B25,Overview_Report!$B:$B,Overview_Report!D:D) -> 790.318 | E25: =_xlfn.XLOOKUP($B25,Overview_Report!$B:$B,Overview_Report!E:E) -> 992.396 | F25: =_xlfn.XLOOKUP($B25,Overview_Report!$B:$B,Overview_Report!F:F) -> 843.486 | G25: =_xlfn.XLOOKUP($B25,Overview_Report!$B:$B,Overview_Report!G:G) -> 1085.976 | H25: =_xlfn.XLOOKUP($B25,Overview_Report!$B:$B,Overview_Report!H:H) -> 790.771
B26: Picking OL/m3 | C26: =_xlfn.XLOOKUP($B26,Overview_Report!$B:$B,Overview_Report!C:C) -> 6.7793452 | D26: =_xlfn.XLOOKUP($B26,Overview_Report!$B:$B,Overview_Report!D:D) -> 6.5479971 | E26: =_xlfn.XLOOKUP($B26,Overview_Report!$B:$B,Overview_Report!E:E) -> 6.5225978 | F26: =_xlfn.XLOOKUP($B26,Overview_Report!$B:$B,Overview_Report!F:F) -> 6.0012851 | G26: =_xlfn.XLOOKUP($B26,Overview_Report!$B:$B,Overview_Report!G:G) -> 6.090374 | H26: =_xlfn.XLOOKUP($B26,Overview_Report!$B:$B,Overview_Report!H:H) -> 6.4418144
B27: Transit OL/m3 | C27: =_xlfn.XLOOKUP($B27,Overview_Report!$B:$B,Overview_Report!C:C) -> 1.2349012 | D27: =_xlfn.XLOOKUP($B27,Overview_Report!$B:$B,Overview_Report!D:D) -> 1.2801382 | E27: =_xlfn.XLOOKUP($B27,Overview_Report!$B:$B,Overview_Report!E:E) -> 1.2980656 | F27: =_xlfn.XLOOKUP($B27,Overview_Report!$B:$B,Overview_Report!F:F) -> 1.3016428 | G27: =_xlfn.XLOOKUP($B27,Overview_Report!$B:$B,Overview_Report!G:G) -> 1.2190541 | H27: =_xlfn.XLOOKUP($B27,Overview_Report!$B:$B,Overview_Report!H:H) -> 1.2002937
B28: Full Pallet OL/m3 | C28: =_xlfn.XLOOKUP($B28,Overview_Report!$B:$B,Overview_Report!C:C) -> 1.454709 | D28: =_xlfn.XLOOKUP($B28,Overview_Report!$B:$B,Overview_Report!D:D) -> 1.4901622 | E28: =_xlfn.XLOOKUP($B28,Overview_Report!$B:$B,Overview_Report!E:E) -> 1.490488 | F28: =_xlfn.XLOOKUP($B28,Overview_Report!$B:$B,Overview_Report!F:F) -> 1.4848733 | G28: =_xlfn.XLOOKUP($B28,Overview_Report!$B:$B,Overview_Report!G:G) -> 1.5097408 | H28: =_xlfn.XLOOKUP($B28,Overview_Report!$B:$B,Overview_Report!H:H) -> 1.5594611
A29: TOTAL HANDLING (que corrected) | B29: Picking OL | C29: =_xlfn.XLOOKUP($B29,Overview_Report!$B:$B,Overview_Report!C:C) -> 5457 | D29: =_xlfn.XLOOKUP($B29,Overview_Report!$B:$B,Overview_Report!D:D) -> 5175 | E29: =_xlfn.XLOOKUP($B29,Overview_Report!$B:$B,Overview_Report!E:E) -> 6473 | F29: =_xlfn.XLOOKUP($B29,Overview_Report!$B:$B,Overview_Report!F:F) -> 5062 | G29: =_xlfn.XLOOKUP($B29,Overview_Report!$B:$B,Overview_Report!G:G) -> 6614 | H29: =_xlfn.XLOOKUP($B29,Overview_Report!$B:$B,Overview_Report!H:H) -> 5094
B30: Transit OL | C30: =_xlfn.XLOOKUP($B30,Overview_Report!$B:$B,Overview_Report!C:C) -> 8416 | D30: =_xlfn.XLOOKUP($B30,Overview_Report!$B:$B,Overview_Report!D:D) -> 9785 | E30: =_xlfn.XLOOKUP($B30,Overview_Report!$B:$B,Overview_Report!E:E) -> 10684 | F30: =_xlfn.XLOOKUP($B30,Overview_Report!$B:$B,Overview_Report!F:F) -> 9741 | G30: =_xlfn.XLOOKUP($B30,Overview_Report!$B:$B,Overview_Report!G:G) -> 9535 | H30: =_xlfn.XLOOKUP($B30,Overview_Report!$B:$B,Overview_Report!H:H) -> 9308
B31: Full Pallet OL | C31: =_xlfn.XLOOKUP($B31,Overview_Report!$B:$B,Overview_Report!C:C) -> 19100 | D31: =_xlfn.XLOOKUP($B31,Overview_Report!$B:$B,Overview_Report!D:D) -> 19458 | E31: =_xlfn.XLOOKUP($B31,Overview_Report!$B:$B,Overview_Report!E:E) -> 16515 | F31: =_xlfn.XLOOKUP($B31,Overview_Report!$B:$B,Overview_Report!F:F) -> 18202 | G31: =_xlfn.XLOOKUP($B31,Overview_Report!$B:$B,Overview_Report!G:G) -> 20741 | H31: =_xlfn.XLOOKUP($B31,Overview_Report!$B:$B,Overview_Report!H:H) -> 20806
B32: Total OL | C32: =_xlfn.XLOOKUP($B32,Overview_Report!$B:$B,Overview_Report!C:C) -> 32973 | D32: =_xlfn.XLOOKUP($B32,Overview_Report!$B:$B,Overview_Report!D:D) -> 34418 | E32: =_xlfn.XLOOKUP($B32,Overview_Report!$B:$B,Overview_Report!E:E) -> 33672 | F32: =_xlfn.XLOOKUP($B32,Overview_Report!$B:$B,Overview_Report!F:F) -> 33005 | G32: =_xlfn.XLOOKUP($B32,Overview_Report!$B:$B,Overview_Report!G:G) -> 36890 | H32: =_xlfn.XLOOKUP($B32,Overview_Report!$B:$B,Overview_Report!H:H) -> 35208
A33: Container queue (Top m3) | B33: - | C33: =_xlfn.XLOOKUP($B33,Overview_Report!$B:$B,Overview_Report!C:C) -> 0 | D33: =_xlfn.XLOOKUP($B33,Overview_Report!$B:$B,Overview_Report!D:D) -> 0 | E33: =_xlfn.XLOOKUP($B33,Overview_Report!$B:$B,Overview_Report!E:E) -> 0 | F33: =_xlfn.XLOOKUP($B33,Overview_Report!$B:$B,Overview_Report!F:F) -> 0 | G33: =_xlfn.XLOOKUP($B33,Overview_Report!$B:$B,Overview_Report!G:G) -> 0 | H33: =_xlfn.XLOOKUP($B33,Overview_Report!$B:$B,Overview_Report!H:H) -> 0
A34: Stock in house (incl. external) | B34: Total Handling (before Queue Correction) | C34: =_xlfn.XLOOKUP($B34,Overview_Report!$B:$B,Overview_Report!C:C) -> 39879.25 | D34: =_xlfn.XLOOKUP($B34,Overview_Report!$B:$B,Overview_Report!D:D) -> 41276.864 | E34: =_xlfn.XLOOKUP($B34,Overview_Report!$B:$B,Overview_Report!E:E) -> 38992.243 | F34: =_xlfn.XLOOKUP($B34,Overview_Report!$B:$B,Overview_Report!F:F) -> 38396.424 | G34: =_xlfn.XLOOKUP($B34,Overview_Report!$B:$B,Overview_Report!G:G) -> 41724.777 | H34: =_xlfn.XLOOKUP($B34,Overview_Report!$B:$B,Overview_Report!H:H) -> 39591.123
B35: Total Handling (Queue Corrected) | C35: =_xlfn.XLOOKUP($B35,Overview_Report!$B:$B,Overview_Report!C:C) -> 44895.25 | D35: =_xlfn.XLOOKUP($B35,Overview_Report!$B:$B,Overview_Report!D:D) -> 38654.864 | E35: =_xlfn.XLOOKUP($B35,Overview_Report!$B:$B,Overview_Report!E:E) -> 39220.243 | F35: =_xlfn.XLOOKUP($B35,Overview_Report!$B:$B,Overview_Report!F:F) -> 45977.424 | G35: =_xlfn.XLOOKUP($B35,Overview_Report!$B:$B,Overview_Report!G:G) -> 45315.777 | H35: =_xlfn.XLOOKUP($B35,Overview_Report!$B:$B,Overview_Report!H:H) -> 40617.123
B36: Total Upside Handling Capacity | C36: =_xlfn.XLOOKUP($B36,Overview_Report!$B:$B,Overview_Report!C:C) -> 62559.994 | D36: =_xlfn.XLOOKUP($B36,Overview_Report!$B:$B,Overview_Report!D:D) -> 62559.994 | E36: =_xlfn.XLOOKUP($B36,Overview_Report!$B:$B,Overview_Report!E:E) -> 62559.994 | F36: =_xlfn.XLOOKUP($B36,Overview_Report!$B:$B,Overview_Report!F:F) -> 62559.994 | G36: =_xlfn.XLOOKUP($B36,Overview_Report!$B:$B,Overview_Report!G:G) -> 62559.994 | H36: =_xlfn.XLOOKUP($B36,Overview_Report!$B:$B,Overview_Report!H:H) -> 62559.994
A37: Storage capacity (Main Building) | B37: Total Upside Handling Capacity Utilization % | C37: =_xlfn.XLOOKUP($B37,Overview_Report!$B:$B,Overview_Report!C:C) -> 0.6374561 | D37: =_xlfn.XLOOKUP($B37,Overview_Report!$B:$B,Overview_Report!D:D) -> 0.65979648 | E37: =_xlfn.XLOOKUP($B37,Overview_Report!$B:$B,Overview_Report!E:E) -> 0.6232776 | F37: =_xlfn.XLOOKUP($B37,Overview_Report!$B:$B,Overview_Report!F:F) -> 0.61375364 | G37: =_xlfn.XLOOKUP($B37,Overview_Report!$B:$B,Overview_Report!G:G) -> 0.66695622 | H37: =_xlfn.XLOOKUP($B37,Overview_Report!$B:$B,Overview_Report!H:H) -> 0.63285049
A38: Storage utilization | B38: Total Upside Handling Capacity Utilization % (Queue Corrected) | C38: =_xlfn.XLOOKUP($B38,Overview_Report!$B:$B,Overview_Report!C:C) -> 0.71763514 | D38: =_xlfn.XLOOKUP($B38,Overview_Report!$B:$B,Overview_Report!D:D) -> 0.61788471 | E38: =_xlfn.XLOOKUP($B38,Overview_Report!$B:$B,Overview_Report!E:E) -> 0.6269221 | F38: =_xlfn.XLOOKUP($B38,Overview_Report!$B:$B,Overview_Report!F:F) -> 0.73493332 | G38: =_xlfn.XLOOKUP($B38,Overview_Report!$B:$B,Overview_Report!G:G) -> 0.72435712 | H38: =_xlfn.XLOOKUP($B38,Overview_Report!$B:$B,Overview_Report!H:H) -> 0.64925075
A39: External Stock | B39: Stock in DC + Ext. Storage | C39: =_xlfn.XLOOKUP($B39,Overview_Report!$B:$B,Overview_Report!C:C) -> 125185 | D39: =_xlfn.XLOOKUP($B39,Overview_Report!$B:$B,Overview_Report!D:D) -> 122834 | E39: =_xlfn.XLOOKUP($B39,Overview_Report!$B:$B,Overview_Report!E:E) -> 121419 | F39: =_xlfn.XLOOKUP($B39,Overview_Report!$B:$B,Overview_Report!F:F) -> 118919 | G39: =_xlfn.XLOOKUP($B39,Overview_Report!$B:$B,Overview_Report!G:G) -> 113098 | H39: =_xlfn.XLOOKUP($B39,Overview_Report!$B:$B,Overview_Report!H:H) -> 110329
A40: External Capacity | B40: Container m3 in Queue | C40: =_xlfn.XLOOKUP($B40,Overview_Report!$B:$B,Overview_Report!C:C) -> 23712 | D40: =_xlfn.XLOOKUP($B40,Overview_Report!$B:$B,Overview_Report!D:D) -> 21090 | E40: =_xlfn.XLOOKUP($B40,Overview_Report!$B:$B,Overview_Report!E:E) -> 21318 | F40: =_xlfn.XLOOKUP($B40,Overview_Report!$B:$B,Overview_Report!F:F) -> 28899 | G40: =_xlfn.XLOOKUP($B40,Overview_Report!$B:$B,Overview_Report!G:G) -> 32490 | H40: =_xlfn.XLOOKUP($B40,Overview_Report!$B:$B,Overview_Report!H:H) -> 33516
B41: Operational Queue | C41: =_xlfn.XLOOKUP($B41,Overview_Report!$B:$B,Overview_Report!C:C) -> 10830 | D41: =_xlfn.XLOOKUP($B41,Overview_Report!$B:$B,Overview_Report!D:D) -> 10830 | E41: =_xlfn.XLOOKUP($B41,Overview_Report!$B:$B,Overview_Report!E:E) -> 10830 | F41: =_xlfn.XLOOKUP($B41,Overview_Report!$B:$B,Overview_Report!F:F) -> 10830 | G41: =_xlfn.XLOOKUP($B41,Overview_Report!$B:$B,Overview_Report!G:G) -> 10830 | H41: =_xlfn.XLOOKUP($B41,Overview_Report!$B:$B,Overview_Report!H:H) -> 10830
A42: Total DC Storage Capacity (incl. external) | B42: Stock incl. Queue | C42: =_xlfn.XLOOKUP($B42,Overview_Report!$B:$B,Overview_Report!C:C) -> 148897 | D42: =_xlfn.XLOOKUP($B42,Overview_Report!$B:$B,Overview_Report!D:D) -> 143924 | E42: =_xlfn.XLOOKUP($B42,Overview_Report!$B:$B,Overview_Report!E:E) -> 142737 | F42: =_xlfn.XLOOKUP($B42,Overview_Report!$B:$B,Overview_Report!F:F) -> 147818 | G42: =_xlfn.XLOOKUP($B42,Overview_Report!$B:$B,Overview_Report!G:G) -> 145588 | H42: =_xlfn.XLOOKUP($B42,Overview_Report!$B:$B,Overview_Report!H:H) -> 143845
A43: Storage utiliz. (incl. External) | B43: Main Building Stock | C43: =_xlfn.XLOOKUP($B43,Overview_Report!$B:$B,Overview_Report!C:C) -> 125185 | D43: =_xlfn.XLOOKUP($B43,Overview_Report!$B:$B,Overview_Report!D:D) -> 122834 | E43: =_xlfn.XLOOKUP($B43,Overview_Report!$B:$B,Overview_Report!E:E) -> 121419 | F43: =_xlfn.XLOOKUP($B43,Overview_Report!$B:$B,Overview_Report!F:F) -> 118919 | G43: =_xlfn.XLOOKUP($B43,Overview_Report!$B:$B,Overview_Report!G:G) -> 113098 | H43: =_xlfn.XLOOKUP($B43,Overview_Report!$B:$B,Overview_Report!H:H) -> 110329
A44: Number of Containers queue (Top) | B44: Main Building Capacity m3 | C44: =_xlfn.XLOOKUP($B44,Overview_Report!$B:$B,Overview_Report!C:C) -> 193785.35 | D44: =_xlfn.XLOOKUP($B44,Overview_Report!$B:$B,Overview_Report!D:D) -> 193785.35 | E44: =_xlfn.XLOOKUP($B44,Overview_Report!$B:$B,Overview_Report!E:E) -> 193785.35 | F44: =_xlfn.XLOOKUP($B44,Overview_Report!$B:$B,Overview_Report!F:F) -> 193785.35 | G44: =_xlfn.XLOOKUP($B44,Overview_Report!$B:$B,Overview_Report!G:G) -> 193785.35 | H44: =_xlfn.XLOOKUP($B44,Overview_Report!$B:$B,Overview_Report!H:H) -> 193785.35
B45: Main Building Storage Utilization | C45: =_xlfn.XLOOKUP($B45,Overview_Report!$B:$B,Overview_Report!C:C) -> 0.64599827 | D45: =_xlfn.XLOOKUP($B45,Overview_Report!$B:$B,Overview_Report!D:D) -> 0.63386629 | E45: =_xlfn.XLOOKUP($B45,Overview_Report!$B:$B,Overview_Report!E:E) -> 0.62656439 | F45: =_xlfn.XLOOKUP($B45,Overview_Report!$B:$B,Overview_Report!F:F) -> 0.61366352 | G45: =_xlfn.XLOOKUP($B45,Overview_Report!$B:$B,Overview_Report!G:G) -> 0.58362513 | H45: =_xlfn.XLOOKUP($B45,Overview_Report!$B:$B,Overview_Report!H:H) -> 0.56933612
B46: External Stock | C46: =_xlfn.XLOOKUP($B46,Overview_Report!$B:$B,Overview_Report!C:C) -> 0 | D46: =_xlfn.XLOOKUP($B46,Overview_Report!$B:$B,Overview_Report!D:D) -> 0 | E46: =_xlfn.XLOOKUP($B46,Overview_Report!$B:$B,Overview_Report!E:E) -> 0 | F46: =_xlfn.XLOOKUP($B46,Overview_Report!$B:$B,Overview_Report!F:F) -> 0 | G46: =_xlfn.XLOOKUP($B46,Overview_Report!$B:$B,Overview_Report!G:G) -> 0 | H46: =_xlfn.XLOOKUP($B46,Overview_Report!$B:$B,Overview_Report!H:H) -> 0
B47: External Capacity m3 | C47: =_xlfn.XLOOKUP($B47,Overview_Report!$B:$B,Overview_Report!C:C) -> 0 | D47: =_xlfn.XLOOKUP($B47,Overview_Report!$B:$B,Overview_Report!D:D) -> 0 | E47: =_xlfn.XLOOKUP($B47,Overview_Report!$B:$B,Overview_Report!E:E) -> 0 | F47: =_xlfn.XLOOKUP($B47,Overview_Report!$B:$B,Overview_Report!F:F) -> 0 | G47: =_xlfn.XLOOKUP($B47,Overview_Report!$B:$B,Overview_Report!G:G) -> 0 | H47: =_xlfn.XLOOKUP($B47,Overview_Report!$B:$B,Overview_Report!H:H) -> 0
B48: External Storage Utilization | C48: =_xlfn.XLOOKUP($B48,Overview_Report!$B:$B,Overview_Report!C:C) -> 0 | D48: =_xlfn.XLOOKUP($B48,Overview_Report!$B:$B,Overview_Report!D:D) -> 0 | E48: =_xlfn.XLOOKUP($B48,Overview_Report!$B:$B,Overview_Report!E:E) -> 0 | F48: =_xlfn.XLOOKUP($B48,Overview_Report!$B:$B,Overview_Report!F:F) -> 0 | G48: =_xlfn.XLOOKUP($B48,Overview_Report!$B:$B,Overview_Report!G:G) -> 0 | H48: =_xlfn.XLOOKUP($B48,Overview_Report!$B:$B,Overview_Report!H:H) -> 0
B49: Total DC Storage Capacity (incl. external) | C49: =_xlfn.XLOOKUP($B49,Overview_Report!$B:$B,Overview_Report!C:C) -> 193785.35 | D49: =_xlfn.XLOOKUP($B49,Overview_Report!$B:$B,Overview_Report!D:D) -> 193785.35 | E49: =_xlfn.XLOOKUP($B49,Overview_Report!$B:$B,Overview_Report!E:E) -> 193785.35 | F49: =_xlfn.XLOOKUP($B49,Overview_Report!$B:$B,Overview_Report!F:F) -> 193785.35 | G49: =_xlfn.XLOOKUP($B49,Overview_Report!$B:$B,Overview_Report!G:G) -> 193785.35 | H49: =_xlfn.XLOOKUP($B49,Overview_Report!$B:$B,Overview_Report!H:H) -> 193785.35
B50: Total Storage Utilization | C50: =_xlfn.XLOOKUP($B50,Overview_Report!$B:$B,Overview_Report!C:C) -> 0.64599827 | D50: =_xlfn.XLOOKUP($B50,Overview_Report!$B:$B,Overview_Report!D:D) -> 0.63386629 | E50: =_xlfn.XLOOKUP($B50,Overview_Report!$B:$B,Overview_Report!E:E) -> 0.62656439 | F50: =_xlfn.XLOOKUP($B50,Overview_Report!$B:$B,Overview_Report!F:F) -> 0.61366352 | G50: =_xlfn.XLOOKUP($B50,Overview_Report!$B:$B,Overview_Report!G:G) -> 0.58362513 | H50: =_xlfn.XLOOKUP($B50,Overview_Report!$B:$B,Overview_Report!H:H) -> 0.56933612
B51: Utilization (DC Stock+Queue) | C51: =_xlfn.XLOOKUP($B51,Overview_Report!$B:$B,Overview_Report!C:C) -> 0.72769223 | D51: =_xlfn.XLOOKUP($B51,Overview_Report!$B:$B,Overview_Report!D:D) -> 0.70338809 | E51: =_xlfn.XLOOKUP($B51,Overview_Report!$B:$B,Overview_Report!E:E) -> 0.69758696 | F51: =_xlfn.XLOOKUP($B51,Overview_Report!$B:$B,Overview_Report!F:F) -> 0.72241892 | G51: =_xlfn.XLOOKUP($B51,Overview_Report!$B:$B,Overview_Report!G:G) -> 0.71152042 | H51: =_xlfn.XLOOKUP($B51,Overview_Report!$B:$B,Overview_Report!H:H) -> 0.703002
B53: Container m3 in Queue

Sheet FC1 Data Set
C2: -Actual
C3: ='Act Data Set'!C3 -> Actuals | D3: ='Act Data Set'!D3 -> 0 | E3: ='Act Data Set'!E3 -> 0 | F3: ='Act Data Set'!F3 -> 0 | G3: ='Act Data Set'!G3 -> 0 | H3: ='Act Data Set'!H3 -> 0 | I3: =Overview_Report!I3 -> Forecast | J3: =Overview_Report!J3 -> 0 | K3: =Overview_Report!K3 -> 0 | L3: =Overview_Report!L3 -> 0 | M3: =Overview_Report!M3 -> 0 | N3: =Overview_Report!N3 -> 0 | O3: =Overview_Report!O3 -> 0 | P3: =Overview_Report!P3 -> 0 | ... T3: =Overview_Report!T3 -> 0
C4: ='Act Data Set'!C4 -> 0 | D4: ='Act Data Set'!D4 -> 0 | E4: ='Act Data Set'!E4 -> 0 | F4: ='Act Data Set'!F4 -> 0 | G4: ='Act Data Set'!G4 -> 0 | H4: ='Act Data Set'!H4 -> 0 | I4: =Overview_Report!I4 -> 0 | J4: =Overview_Report!J4 -> 0 | K4: =Overview_Report!K4 -> 0 | L4: =Overview_Report!L4 -> 0 | M4: =Overview_Report!M4 -> 0 | N4: =Overview_Report!N4 -> 0 | O4: =Overview_Report!O4 -> 0 | P4: =Overview_Report!P4 -> 0 | ... AH4: =Overview_Report!AH4 -> 0
C5: ='Act Data Set'!C5 -> 202631 | D5: ='Act Data Set'!D5 -> 202632 | E5: ='Act Data Set'!E5 -> 202633 | F5: ='Act Data Set'!F5 -> 202634 | G5: ='Act Data Set'!G5 -> 202635 | H5: ='Act Data Set'!H5 -> 202636 | I5: =Overview_Report!I5 -> 202637 | J5: =Overview_Report!J5 -> 202638 | K5: =Overview_Report!K5 -> 202639 | L5: =Overview_Report!L5 -> 202640 | M5: =Overview_Report!M5 -> 202641 | N5: =Overview_Report!N5 -> 202642 | O5: =Overview_Report!O5 -> 202643 | P5: =Overview_Report!P5 -> 202644 | ... AH5: =Overview_Report!AH5 -> 202709
B6: DC In to Stock | I6: =_xlfn.XLOOKUP($B6,Overview_Report!$B:$B,Overview_Report!I:I) -> 14672.4 | J6: =_xlfn.XLOOKUP($B6,Overview_Report!$B:$B,Overview_Report!J:J) -> 15349.058 | K6: =_xlfn.XLOOKUP($B6,Overview_Report!$B:$B,Overview_Report!K:K) -> 14353.114 | L6: =_xlfn.XLOOKUP($B6,Overview_Report!$B:$B,Overview_Report!L:L) -> 14978.464 | M6: =_xlfn.XLOOKUP($B6,Overview_Report!$B:$B,Overview_Report!M:M) -> 15395.957 | N6: =_xlfn.XLOOKUP($B6,Overview_Report!$B:$B,Overview_Report!N:N) -> 15299.085 | O6: =_xlfn.XLOOKUP($B6,Overview_Report!$B:$B,Overview_Report!O:O) -> 13189.965 | P6: =_xlfn.XLOOKUP($B6,Overview_Report!$B:$B,Overview_Report!P:P) -> 13246.09 | Q6: =_xlfn.XLOOKUP($B6,Overview_Report!$B:$B,Overview_Report!Q:Q) -> 11270.433 | R6: =_xlfn.XLOOKUP($B6,Overview_Report!$B:$B,Overview_Report!R:R) -> 13347.993 | S6: =_xlfn.XLOOKUP($B6,Overview_Report!$B:$B,Overview_Report!S:S) -> 9557.7072 | T6: =_xlfn.XLOOKUP($B6,Overview_Report!$B:$B,Overview_Report!T:T) -> 9005.6085 | U6: =_xlfn.XLOOKUP($B6,Overview_Report!$B:$B,Overview_Report!U:U) -> 10459.95 | V6: =_xlfn.XLOOKUP($B6,Overview_Report!$B:$B,Overview_Report!V:V) -> 12415.626 | W6: =_xlfn.XLOOKUP($B6,Overview_Report!$B:$B,Overview_Report!W:W) -> 12021.141 | X6: =_xlfn.XLOOKUP($B6,Overview_Report!$B:$B,Overview_Report!X:X) -> 12413.763 | Y6: =_xlfn.XLOOKUP($B6,Overview_Report!$B:$B,Overview_Report!Y:Y) -> 12822.596 | Z6: =_xlfn.XLOOKUP($B6,Overview_Report!$B:$B,Overview_Report!Z:Z) -> 13275.148 | AA6: =_xlfn.XLOOKUP($B6,Overview_Report!$B:$B,Overview_Report!AA:AA) -> 11291.124 | AB6: =_xlfn.XLOOKUP($B6,Overview_Report!$B:$B,Overview_Report!AB:AB) -> 10589.557 | AC6: =_xlfn.XLOOKUP($B6,Overview_Report!$B:$B,Overview_Report!AC:AC) -> 11731.237 | AD6: =_xlfn.XLOOKUP($B6,Overview_Report!$B:$B,Overview_Report!AD:AD) -> 14005.41 | AE6: =_xlfn.XLOOKUP($B6,Overview_Report!$B:$B,Overview_Report!AE:AE) -> 13519.747 | AF6: =_xlfn.XLOOKUP($B6,Overview_Report!$B:$B,Overview_Report!AF:AF) -> 12613.553 | AG6: =_xlfn.XLOOKUP($B6,Overview_Report!$B:$B,Overview_Report!AG:AG) -> 13414.414 | AH6: =_xlfn.XLOOKUP($B6,Overview_Report!$B:$B,Overview_Report!AH:AH) -> 12304.597
A7: SUP to DC excl. Transit (queue corr) | B7: Total DC In to Stock (Queue Corrected) | I7: =_xlfn.XLOOKUP($B7,Overview_Report!$B:$B,Overview_Report!I:I) -> 10691.36 | J7: =_xlfn.XLOOKUP($B7,Overview_Report!$B:$B,Overview_Report!J:J) -> 12591.412 | K7: =_xlfn.XLOOKUP($B7,Overview_Report!$B:$B,Overview_Report!K:K) -> 9816.4227 | L7: =_xlfn.XLOOKUP($B7,Overview_Report!$B:$B,Overview_Report!L:L) -> 11558.831 | M7: =_xlfn.XLOOKUP($B7,Overview_Report!$B:$B,Overview_Report!M:M) -> 12722.087 | N7: =_xlfn.XLOOKUP($B7,Overview_Report!$B:$B,Overview_Report!N:N) -> 12452.173 | O7: =_xlfn.XLOOKUP($B7,Overview_Report!$B:$B,Overview_Report!O:O) -> 10719.757 | P7: =_xlfn.XLOOKUP($B7,Overview_Report!$B:$B,Overview_Report!P:P) -> 13246.09 | Q7: =_xlfn.XLOOKUP($B7,Overview_Report!$B:$B,Overview_Report!Q:Q) -> 11270.433 | R7: =_xlfn.XLOOKUP($B7,Overview_Report!$B:$B,Overview_Report!R:R) -> 13347.993 | S7: =_xlfn.XLOOKUP($B7,Overview_Report!$B:$B,Overview_Report!S:S) -> 9557.7072 | T7: =_xlfn.XLOOKUP($B7,Overview_Report!$B:$B,Overview_Report!T:T) -> 9005.6085 | U7: =_xlfn.XLOOKUP($B7,Overview_Report!$B:$B,Overview_Report!U:U) -> 10459.95 | V7: =_xlfn.XLOOKUP($B7,Overview_Report!$B:$B,Overview_Report!V:V) -> 12415.626 | W7: =_xlfn.XLOOKUP($B7,Overview_Report!$B:$B,Overview_Report!W:W) -> 12021.141 | X7: =_xlfn.XLOOKUP($B7,Overview_Report!$B:$B,Overview_Report!X:X) -> 12413.763 | Y7: =_xlfn.XLOOKUP($B7,Overview_Report!$B:$B,Overview_Report!Y:Y) -> 12822.596 | Z7: =_xlfn.XLOOKUP($B7,Overview_Report!$B:$B,Overview_Report!Z:Z) -> 13275.148 | AA7: =_xlfn.XLOOKUP($B7,Overview_Report!$B:$B,Overview_Report!AA:AA) -> 11291.124 | AB7: =_xlfn.XLOOKUP($B7,Overview_Report!$B:$B,Overview_Report!AB:AB) -> 10589.557 | AC7: =_xlfn.XLOOKUP($B7,Overview_Report!$B:$B,Overview_Report!AC:AC) -> 11731.237 | AD7: =_xlfn.XLOOKUP($B7,Overview_Report!$B:$B,Overview_Report!AD:AD) -> 14005.41 | AE7: =_xlfn.XLOOKUP($B7,Overview_Report!$B:$B,Overview_Report!AE:AE) -> 13519.747 | AF7: =_xlfn.XLOOKUP($B7,Overview_Report!$B:$B,Overview_Report!AF:AF) -> 12613.553 | AG7: =_xlfn.XLOOKUP($B7,Overview_Report!$B:$B,Overview_Report!AG:AG) -> 13414.414 | AH7: =_xlfn.XLOOKUP($B7,Overview_Report!$B:$B,Overview_Report!AH:AH) -> 12304.597
A8: Other Inflow (clearings) | B8: DC In to Stock from other BU | I8: =_xlfn.XLOOKUP($B8,Overview_Report!$B:$B,Overview_Report!I:I) -> 5.271 | J8: =_xlfn.XLOOKUP($B8,Overview_Report!$B:$B,Overview_Report!J:J) -> 0 | K8: =_xlfn.XLOOKUP($B8,Overview_Report!$B:$B,Overview_Report!K:K) -> 0 | L8: =_xlfn.XLOOKUP($B8,Overview_Report!$B:$B,Overview_Report!L:L) -> 0 | M8: =_xlfn.XLOOKUP($B8,Overview_Report!$B:$B,Overview_Report!M:M) -> 0 | N8: =_xlfn.XLOOKUP($B8,Overview_Report!$B:$B,Overview_Report!N:N) -> 0 | O8: =_xlfn.XLOOKUP($B8,Overview_Report!$B:$B,Overview_Report!O:O) -> 0 | P8: =_xlfn.XLOOKUP($B8,Overview_Report!$B:$B,Overview_Report!P:P) -> 0 | Q8: =_xlfn.XLOOKUP($B8,Overview_Report!$B:$B,Overview_Report!Q:Q) -> 0 | R8: =_xlfn.XLOOKUP($B8,Overview_Report!$B:$B,Overview_Report!R:R) -> 0 | S8: =_xlfn.XLOOKUP($B8,Overview_Report!$B:$B,Overview_Report!S:S) -> 0 | T8: =_xlfn.XLOOKUP($B8,Overview_Report!$B:$B,Overview_Report!T:T) -> 0 | U8: =_xlfn.XLOOKUP($B8,Overview_Report!$B:$B,Overview_Report!U:U) -> 0 | V8: =_xlfn.XLOOKUP($B8,Overview_Report!$B:$B,Overview_Report!V:V) -> 0 | W8: =_xlfn.XLOOKUP($B8,Overview_Report!$B:$B,Overview_Report!W:W) -> 0 | X8: =_xlfn.XLOOKUP($B8,Overview_Report!$B:$B,Overview_Report!X:X) -> 0 | Y8: =_xlfn.XLOOKUP($B8,Overview_Report!$B:$B,Overview_Report!Y:Y) -> 0 | Z8: =_xlfn.XLOOKUP($B8,Overview_Report!$B:$B,Overview_Report!Z:Z) -> 0 | AA8: =_xlfn.XLOOKUP($B8,Overview_Report!$B:$B,Overview_Report!AA:AA) -> 0 | AB8: =_xlfn.XLOOKUP($B8,Overview_Report!$B:$B,Overview_Report!AB:AB) -> 0 | AC8: =_xlfn.XLOOKUP($B8,Overview_Report!$B:$B,Overview_Report!AC:AC) -> 0 | AD8: =_xlfn.XLOOKUP($B8,Overview_Report!$B:$B,Overview_Report!AD:AD) -> 0 | AE8: =_xlfn.XLOOKUP($B8,Overview_Report!$B:$B,Overview_Report!AE:AE) -> 0 | AF8: =_xlfn.XLOOKUP($B8,Overview_Report!$B:$B,Overview_Report!AF:AF) -> 0 | AG8: =_xlfn.XLOOKUP($B8,Overview_Report!$B:$B,Overview_Report!AG:AG) -> 0 | AH8: =_xlfn.XLOOKUP($B8,Overview_Report!$B:$B,Overview_Report!AH:AH) -> 0
A9: SUP to DC excl. Transit (queue corr) | B9: DC Replenishment and Other Inflow | I9: =_xlfn.XLOOKUP($B9,Overview_Report!$B:$B,Overview_Report!I:I) -> 10696.631 | J9: =_xlfn.XLOOKUP($B9,Overview_Report!$B:$B,Overview_Report!J:J) -> 12591.412 | K9: =_xlfn.XLOOKUP($B9,Overview_Report!$B:$B,Overview_Report!K:K) -> 9816.4227 | L9: =_xlfn.XLOOKUP($B9,Overview_Report!$B:$B,Overview_Report!L:L) -> 11558.831 | M9: =_xlfn.XLOOKUP($B9,Overview_Report!$B:$B,Overview_Report!M:M) -> 12722.087 | N9: =_xlfn.XLOOKUP($B9,Overview_Report!$B:$B,Overview_Report!N:N) -> 12452.173 | O9: =_xlfn.XLOOKUP($B9,Overview_Report!$B:$B,Overview_Report!O:O) -> 10719.757 | P9: =_xlfn.XLOOKUP($B9,Overview_Report!$B:$B,Overview_Report!P:P) -> 13246.09 | Q9: =_xlfn.XLOOKUP($B9,Overview_Report!$B:$B,Overview_Report!Q:Q) -> 11270.433 | R9: =_xlfn.XLOOKUP($B9,Overview_Report!$B:$B,Overview_Report!R:R) -> 13347.993 | S9: =_xlfn.XLOOKUP($B9,Overview_Report!$B:$B,Overview_Report!S:S) -> 9557.7072 | T9: =_xlfn.XLOOKUP($B9,Overview_Report!$B:$B,Overview_Report!T:T) -> 9005.6085 | U9: =_xlfn.XLOOKUP($B9,Overview_Report!$B:$B,Overview_Report!U:U) -> 10459.95 | V9: =_xlfn.XLOOKUP($B9,Overview_Report!$B:$B,Overview_Report!V:V) -> 12415.626 | W9: =_xlfn.XLOOKUP($B9,Overview_Report!$B:$B,Overview_Report!W:W) -> 12021.141 | X9: =_xlfn.XLOOKUP($B9,Overview_Report!$B:$B,Overview_Report!X:X) -> 12413.763 | Y9: =_xlfn.XLOOKUP($B9,Overview_Report!$B:$B,Overview_Report!Y:Y) -> 12822.596 | Z9: =_xlfn.XLOOKUP($B9,Overview_Report!$B:$B,Overview_Report!Z:Z) -> 13275.148 | AA9: =_xlfn.XLOOKUP($B9,Overview_Report!$B:$B,Overview_Report!AA:AA) -> 11291.124 | AB9: =_xlfn.XLOOKUP($B9,Overview_Report!$B:$B,Overview_Report!AB:AB) -> 10589.557 | AC9: =_xlfn.XLOOKUP($B9,Overview_Report!$B:$B,Overview_Report!AC:AC) -> 11731.237 | AD9: =_xlfn.XLOOKUP($B9,Overview_Report!$B:$B,Overview_Report!AD:AD) -> 14005.41 | AE9: =_xlfn.XLOOKUP($B9,Overview_Report!$B:$B,Overview_Report!AE:AE) -> 13519.747 | AF9: =_xlfn.XLOOKUP($B9,Overview_Report!$B:$B,Overview_Report!AF:AF) -> 12613.553 | AG9: =_xlfn.XLOOKUP($B9,Overview_Report!$B:$B,Overview_Report!AG:AG) -> 13414.414 | AH9: =_xlfn.XLOOKUP($B9,Overview_Report!$B:$B,Overview_Report!AH:AH) -> 12304.597
A10: Transit IN | B10: Total Transit IN | I10: =_xlfn.XLOOKUP($B10,Overview_Report!$B:$B,Overview_Report!I:I) -> 11180.797 | J10: =_xlfn.XLOOKUP($B10,Overview_Report!$B:$B,Overview_Report!J:J) -> 8371.813 | K10: =_xlfn.XLOOKUP($B10,Overview_Report!$B:$B,Overview_Report!K:K) -> 10117.606 | L10: =_xlfn.XLOOKUP($B10,Overview_Report!$B:$B,Overview_Report!L:L) -> 8669.836 | M10: =_xlfn.XLOOKUP($B10,Overview_Report!$B:$B,Overview_Report!M:M) -> 8260.056 | N10: =_xlfn.XLOOKUP($B10,Overview_Report!$B:$B,Overview_Report!N:N) -> 9513.43 | O10: =_xlfn.XLOOKUP($B10,Overview_Report!$B:$B,Overview_Report!O:O) -> 10133.84 | P10: =_xlfn.XLOOKUP($B10,Overview_Report!$B:$B,Overview_Report!P:P) -> 9543.5 | Q10: =_xlfn.XLOOKUP($B10,Overview_Report!$B:$B,Overview_Report!Q:Q) -> 9795 | R10: =_xlfn.XLOOKUP($B10,Overview_Report!$B:$B,Overview_Report!R:R) -> 9766.62 | S10: =_xlfn.XLOOKUP($B10,Overview_Report!$B:$B,Overview_Report!S:S) -> 9361.33 | T10: =_xlfn.XLOOKUP($B10,Overview_Report!$B:$B,Overview_Report!T:T) -> 9499.2 | U10: =_xlfn.XLOOKUP($B10,Overview_Report!$B:$B,Overview_Report!U:U) -> 9012.3 | V10: =_xlfn.XLOOKUP($B10,Overview_Report!$B:$B,Overview_Report!V:V) -> 7789.93 | W10: =_xlfn.XLOOKUP($B10,Overview_Report!$B:$B,Overview_Report!W:W) -> 7887.95 | X10: =_xlfn.XLOOKUP($B10,Overview_Report!$B:$B,Overview_Report!X:X) -> 9269.71 | Y10: =_xlfn.XLOOKUP($B10,Overview_Report!$B:$B,Overview_Report!Y:Y) -> 9218.44 | Z10: =_xlfn.XLOOKUP($B10,Overview_Report!$B:$B,Overview_Report!Z:Z) -> 9113.91 | AA10: =_xlfn.XLOOKUP($B10,Overview_Report!$B:$B,Overview_Report!AA:AA) -> 5638.46 | AB10: =_xlfn.XLOOKUP($B10,Overview_Report!$B:$B,Overview_Report!AB:AB) -> 6800.35 | AC10: =_xlfn.XLOOKUP($B10,Overview_Report!$B:$B,Overview_Report!AC:AC) -> 8111.14 | AD10: =_xlfn.XLOOKUP($B10,Overview_Report!$B:$B,Overview_Report!AD:AD) -> 8464.46 | AE10: =_xlfn.XLOOKUP($B10,Overview_Report!$B:$B,Overview_Report!AE:AE) -> 8640.17 | AF10: =_xlfn.XLOOKUP($B10,Overview_Report!$B:$B,Overview_Report!AF:AF) -> 8750.52 | AG10: =_xlfn.XLOOKUP($B10,Overview_Report!$B:$B,Overview_Report!AG:AG) -> 9396.13 | AH10: =_xlfn.XLOOKUP($B10,Overview_Report!$B:$B,Overview_Report!AH:AH) -> 8209.99
B11: Total Inflow | I11: =_xlfn.XLOOKUP($B11,Overview_Report!$B:$B,Overview_Report!I:I) -> 25858.468 | J11: =_xlfn.XLOOKUP($B11,Overview_Report!$B:$B,Overview_Report!J:J) -> 23720.871 | K11: =_xlfn.XLOOKUP($B11,Overview_Report!$B:$B,Overview_Report!K:K) -> 24470.72 | L11: =_xlfn.XLOOKUP($B11,Overview_Report!$B:$B,Overview_Report!L:L) -> 23648.3 | M11: =_xlfn.XLOOKUP($B11,Overview_Report!$B:$B,Overview_Report!M:M) -> 23656.013 | N11: =_xlfn.XLOOKUP($B11,Overview_Report!$B:$B,Overview_Report!N:N) -> 24812.515 | O11: =_xlfn.XLOOKUP($B11,Overview_Report!$B:$B,Overview_Report!O:O) -> 23323.805 | P11: =_xlfn.XLOOKUP($B11,Overview_Report!$B:$B,Overview_Report!P:P) -> 22789.59 | Q11: =_xlfn.XLOOKUP($B11,Overview_Report!$B:$B,Overview_Report!Q:Q) -> 21065.433 | R11: =_xlfn.XLOOKUP($B11,Overview_Report!$B:$B,Overview_Report!R:R) -> 23114.613 | S11: =_xlfn.XLOOKUP($B11,Overview_Report!$B:$B,Overview_Report!S:S) -> 18919.037 | T11: =_xlfn.XLOOKUP($B11,Overview_Report!$B:$B,Overview_Report!T:T) -> 18504.808 | U11: =_xlfn.XLOOKUP($B11,Overview_Report!$B:$B,Overview_Report!U:U) -> 19472.25 | V11: =_xlfn.XLOOKUP($B11,Overview_Report!$B:$B,Overview_Report!V:V) -> 20205.556 | W11: =_xlfn.XLOOKUP($B11,Overview_Report!$B:$B,Overview_Report!W:W) -> 19909.091 | X11: =_xlfn.XLOOKUP($B11,Overview_Report!$B:$B,Overview_Report!X:X) -> 21683.473 | Y11: =_xlfn.XLOOKUP($B11,Overview_Report!$B:$B,Overview_Report!Y:Y) -> 22041.036 | Z11: =_xlfn.XLOOKUP($B11,Overview_Report!$B:$B,Overview_Report!Z:Z) -> 22389.058 | AA11: =_xlfn.XLOOKUP($B11,Overview_Report!$B:$B,Overview_Report!AA:AA) -> 16929.584 | AB11: =_xlfn.XLOOKUP($B11,Overview_Report!$B:$B,Overview_Report!AB:AB) -> 17389.907 | AC11: =_xlfn.XLOOKUP($B11,Overview_Report!$B:$B,Overview_Report!AC:AC) -> 19842.377 | AD11: =_xlfn.XLOOKUP($B11,Overview_Report!$B:$B,Overview_Report!AD:AD) -> 22469.87 | AE11: =_xlfn.XLOOKUP($B11,Overview_Report!$B:$B,Overview_Report!AE:AE) -> 22159.917 | AF11: =_xlfn.XLOOKUP($B11,Overview_Report!$B:$B,Overview_Report!AF:AF) -> 21364.073 | AG11: =_xlfn.XLOOKUP($B11,Overview_Report!$B:$B,Overview_Report!AG:AG) -> 22810.544 | AH11: =_xlfn.XLOOKUP($B11,Overview_Report!$B:$B,Overview_Report!AH:AH) -> 20514.587
A12: TOTAL INFLOW (queue corr) | B12: Total Inflow (Queue Corrected) | I12: =_xlfn.XLOOKUP($B12,Overview_Report!$B:$B,Overview_Report!I:I) -> 21877.428 | J12: =_xlfn.XLOOKUP($B12,Overview_Report!$B:$B,Overview_Report!J:J) -> 20963.225 | K12: =_xlfn.XLOOKUP($B12,Overview_Report!$B:$B,Overview_Report!K:K) -> 19934.029 | L12: =_xlfn.XLOOKUP($B12,Overview_Report!$B:$B,Overview_Report!L:L) -> 20228.667 | M12: =_xlfn.XLOOKUP($B12,Overview_Report!$B:$B,Overview_Report!M:M) -> 20982.143 | N12: =_xlfn.XLOOKUP($B12,Overview_Report!$B:$B,Overview_Report!N:N) -> 21965.603 | O12: =_xlfn.XLOOKUP($B12,Overview_Report!$B:$B,Overview_Report!O:O) -> 20853.597 | P12: =_xlfn.XLOOKUP($B12,Overview_Report!$B:$B,Overview_Report!P:P) -> 22789.59 | Q12: =_xlfn.XLOOKUP($B12,Overview_Report!$B:$B,Overview_Report!Q:Q) -> 21065.433 | R12: =_xlfn.XLOOKUP($B12,Overview_Report!$B:$B,Overview_Report!R:R) -> 23114.613 | S12: =_xlfn.XLOOKUP($B12,Overview_Report!$B:$B,Overview_Report!S:S) -> 18919.037 | T12: =_xlfn.XLOOKUP($B12,Overview_Report!$B:$B,Overview_Report!T:T) -> 18504.808 | U12: =_xlfn.XLOOKUP($B12,Overview_Report!$B:$B,Overview_Report!U:U) -> 19472.25 | V12: =_xlfn.XLOOKUP($B12,Overview_Report!$B:$B,Overview_Report!V:V) -> 20205.556 | W12: =_xlfn.XLOOKUP($B12,Overview_Report!$B:$B,Overview_Report!W:W) -> 19909.091 | X12: =_xlfn.XLOOKUP($B12,Overview_Report!$B:$B,Overview_Report!X:X) -> 21683.473 | Y12: =_xlfn.XLOOKUP($B12,Overview_Report!$B:$B,Overview_Report!Y:Y) -> 22041.036 | Z12: =_xlfn.XLOOKUP($B12,Overview_Report!$B:$B,Overview_Report!Z:Z) -> 22389.058 | AA12: =_xlfn.XLOOKUP($B12,Overview_Report!$B:$B,Overview_Report!AA:AA) -> 16929.584 | AB12: =_xlfn.XLOOKUP($B12,Overview_Report!$B:$B,Overview_Report!AB:AB) -> 17389.907 | AC12: =_xlfn.XLOOKUP($B12,Overview_Report!$B:$B,Overview_Report!AC:AC) -> 19842.377 | AD12: =_xlfn.XLOOKUP($B12,Overview_Report!$B:$B,Overview_Report!AD:AD) -> 22469.87 | AE12: =_xlfn.XLOOKUP($B12,Overview_Report!$B:$B,Overview_Report!AE:AE) -> 22159.917 | AF12: =_xlfn.XLOOKUP($B12,Overview_Report!$B:$B,Overview_Report!AF:AF) -> 21364.073 | AG12: =_xlfn.XLOOKUP($B12,Overview_Report!$B:$B,Overview_Report!AG:AG) -> 22810.544 | AH12: =_xlfn.XLOOKUP($B12,Overview_Report!$B:$B,Overview_Report!AH:AH) -> 20514.587
B13: Land Volume (DC Stock) | I13: =_xlfn.XLOOKUP($B13,Overview_Report!$B:$B,Overview_Report!I:I) -> 3837.1293 | J13: =_xlfn.XLOOKUP($B13,Overview_Report!$B:$B,Overview_Report!J:J) -> 4519.0577 | K13: =_xlfn.XLOOKUP($B13,Overview_Report!$B:$B,Overview_Report!K:K) -> 3523.1141 | L13: =_xlfn.XLOOKUP($B13,Overview_Report!$B:$B,Overview_Report!L:L) -> 4148.4644 | M13: =_xlfn.XLOOKUP($B13,Overview_Report!$B:$B,Overview_Report!M:M) -> 4565.957 | N13: =_xlfn.XLOOKUP($B13,Overview_Report!$B:$B,Overview_Report!N:N) -> 4469.085 | O13: =_xlfn.XLOOKUP($B13,Overview_Report!$B:$B,Overview_Report!O:O) -> 3847.321 | P13: =_xlfn.XLOOKUP($B13,Overview_Report!$B:$B,Overview_Report!P:P) -> 4754.0217 | Q13: =_xlfn.XLOOKUP($B13,Overview_Report!$B:$B,Overview_Report!Q:Q) -> 4044.9585 | R13: =_xlfn.XLOOKUP($B13,Overview_Report!$B:$B,Overview_Report!R:R) -> 4790.5945 | S13: =_xlfn.XLOOKUP($B13,Overview_Report!$B:$B,Overview_Report!S:S) -> 3430.2611 | T13: =_xlfn.XLOOKUP($B13,Overview_Report!$B:$B,Overview_Report!T:T) -> 3232.1129 | U13: =_xlfn.XLOOKUP($B13,Overview_Report!$B:$B,Overview_Report!U:U) -> 3754.0762 | V13: =_xlfn.XLOOKUP($B13,Overview_Report!$B:$B,Overview_Report!V:V) -> 4455.9683 | W13: =_xlfn.XLOOKUP($B13,Overview_Report!$B:$B,Overview_Report!W:W) -> 4314.3876 | X13: =_xlfn.XLOOKUP($B13,Overview_Report!$B:$B,Overview_Report!X:X) -> 4455.2996 | Y13: =_xlfn.XLOOKUP($B13,Overview_Report!$B:$B,Overview_Report!Y:Y) -> 4602.0298 | Z13: =_xlfn.XLOOKUP($B13,Overview_Report!$B:$B,Overview_Report!Z:Z) -> 4764.4505 | AA13: =_xlfn.XLOOKUP($B13,Overview_Report!$B:$B,Overview_Report!AA:AA) -> 4052.3846 | AB13: =_xlfn.XLOOKUP($B13,Overview_Report!$B:$B,Overview_Report!AB:AB) -> 3800.592 | AC13: =_xlfn.XLOOKUP($B13,Overview_Report!$B:$B,Overview_Report!AC:AC) -> 4210.3411 | AD13: =_xlfn.XLOOKUP($B13,Overview_Report!$B:$B,Overview_Report!AD:AD) -> 5026.5417 | AE13: =_xlfn.XLOOKUP($B13,Overview_Report!$B:$B,Overview_Report!AE:AE) -> 4852.237 | AF13: =_xlfn.XLOOKUP($B13,Overview_Report!$B:$B,Overview_Report!AF:AF) -> 4527.0042 | AG13: =_xlfn.XLOOKUP($B13,Overview_Report!$B:$B,Overview_Report!AG:AG) -> 4814.433 | AH13: =_xlfn.XLOOKUP($B13,Overview_Report!$B:$B,Overview_Report!AH:AH) -> 4416.1199
A14: DC to Store (excl. Transit) | B14: Land Volume (Transit) | I14: =_xlfn.XLOOKUP($B14,Overview_Report!$B:$B,Overview_Report!I:I) -> 11180.797 | J14: =_xlfn.XLOOKUP($B14,Overview_Report!$B:$B,Overview_Report!J:J) -> 8371.813 | K14: =_xlfn.XLOOKUP($B14,Overview_Report!$B:$B,Overview_Report!K:K) -> 10117.606 | L14: =_xlfn.XLOOKUP($B14,Overview_Report!$B:$B,Overview_Report!L:L) -> 8669.836 | M14: =_xlfn.XLOOKUP($B14,Overview_Report!$B:$B,Overview_Report!M:M) -> 8260.056 | N14: =_xlfn.XLOOKUP($B14,Overview_Report!$B:$B,Overview_Report!N:N) -> 9513.43 | O14: =_xlfn.XLOOKUP($B14,Overview_Report!$B:$B,Overview_Report!O:O) -> 10133.84 | P14: =_xlfn.XLOOKUP($B14,Overview_Report!$B:$B,Overview_Report!P:P) -> 9543.5 | Q14: =_xlfn.XLOOKUP($B14,Overview_Report!$B:$B,Overview_Report!Q:Q) -> 9795 | R14: =_xlfn.XLOOKUP($B14,Overview_Report!$B:$B,Overview_Report!R:R) -> 9766.62 | S14: =_xlfn.XLOOKUP($B14,Overview_Report!$B:$B,Overview_Report!S:S) -> 9361.33 | T14: =_xlfn.XLOOKUP($B14,Overview_Report!$B:$B,Overview_Report!T:T) -> 9499.2 | U14: =_xlfn.XLOOKUP($B14,Overview_Report!$B:$B,Overview_Report!U:U) -> 9012.3 | V14: =_xlfn.XLOOKUP($B14,Overview_Report!$B:$B,Overview_Report!V:V) -> 7789.93 | W14: =_xlfn.XLOOKUP($B14,Overview_Report!$B:$B,Overview_Report!W:W) -> 7887.95 | X14: =_xlfn.XLOOKUP($B14,Overview_Report!$B:$B,Overview_Report!X:X) -> 9269.71 | Y14: =_xlfn.XLOOKUP($B14,Overview_Report!$B:$B,Overview_Report!Y:Y) -> 9218.44 | Z14: =_xlfn.XLOOKUP($B14,Overview_Report!$B:$B,Overview_Report!Z:Z) -> 9113.91 | AA14: =_xlfn.XLOOKUP($B14,Overview_Report!$B:$B,Overview_Report!AA:AA) -> 5638.46 | AB14: =_xlfn.XLOOKUP($B14,Overview_Report!$B:$B,Overview_Report!AB:AB) -> 6800.35 | AC14: =_xlfn.XLOOKUP($B14,Overview_Report!$B:$B,Overview_Report!AC:AC) -> 8111.14 | AD14: =_xlfn.XLOOKUP($B14,Overview_Report!$B:$B,Overview_Report!AD:AD) -> 8464.46 | AE14: =_xlfn.XLOOKUP($B14,Overview_Report!$B:$B,Overview_Report!AE:AE) -> 8640.17 | AF14: =_xlfn.XLOOKUP($B14,Overview_Report!$B:$B,Overview_Report!AF:AF) -> 8750.52 | AG14: =_xlfn.XLOOKUP($B14,Overview_Report!$B:$B,Overview_Report!AG:AG) -> 9396.13 | AH14: =_xlfn.XLOOKUP($B14,Overview_Report!$B:$B,Overview_Report!AH:AH) -> 8209.99
